0,2.3664839420366275,-1.1534783903637473,6.4522472894215221,0.0072540422494610556,-0.00063054873189656189,0.0071474290382609589
0.20000000000000001,-0.84640976933936607,-1.0023561170239703,-3.6682241954707751,0.0028824663312322901,-0.015941743153332379,0.0016030220982702417
0.40000000000000002,1.2728235608013234,1.2280374777669578,-0.058356777791638392,0.0092398992161176093,-0.0032125069573130487,0.0081941303818168498
0.59999999999999998,-0.56078556313868921,-0.10682670881301282,-1.1270999748575796,0.001056873580950235,0.01128401611265718,0.010151541154932459
0.80000000000000004,0.15119430975658979,2.961919342568049,-0.45498790078001228,0.0048641442801149763,0.0033095199945057693,0.016240504230001888
1,0.1769409372328454,-0.37987767886949692,-2.3801001493003899,0.0043550104486162183,0.00017161202888744915,0.00023460054808194979
1.2,1.82933988153517,-0.59146567606655864,0.21391973406709439,0.014351102984103151,0.012334680490406107,-0.0040149619644560021
1.4000000000000001,-0.91229561987617824,-0.38755681269327014,0.97762826780713152,0.0102194778349615,-0.0045902356874323973,0.0026806622586564911
1.6000000000000001,1.1962808894254189,1.0394899981826331,4.986801292558309,-0.026199646543215296,-0.0033182083802044474,-0.0018034537588772076
1.8,-0.48173257955804438,-1.1012992568890212,0.85633151039462996,0.0052799879755183821,-0.025125413348067512,0.0007431429882766398
2,-0.6600303720565851,-0.34701450174891496,-1.172235639021487,-0.013529659729836382,-0.00043116228754538915,-0.0016763079057779628
2.2000000000000002,-0.31339359481280027,0.17457335358950543,0.82999009974996341,0.0043797319611539607,-0.0018026873514216956,0.02355528650682219
2.3999999999999999,-0.49541983921527755,-0.6125142994835967,-0.25541347092079708,0.0020738371602957357,-0.0056541099499374621,-0.011424291536629426
2.6000000000000001,-0.60756063599613475,0.30298055554467923,0.34465205382829778,0.0069460735557380412,-0.0050447734090798974,0.011983369206520173
2.8000000000000003,1.8908411650665775,1.1557455723960175,-0.16372858239485141,0.015898166800553139,-0.0035151658300998164,-0.00077442875496055996
3,1.0718708971538833,0.31965925035843606,2.6032073570236074,0.018979632907293504,-0.011787318524387247,0.00031351221826598705
3.2000000000000002,0.79691329068371286,-1.0327046795246868,-0.75560091709331112,-0.011820343222935223,0.0064482758750200623,-0.0018362250081866271
3.3999999999999999,-0.054216130318498854,-0.47770373844839287,-1.5509415993502234,-0.013865880684483897,-0.0079915752057727208,-0.0052527388428853976
3.6000000000000001,-0.3367346332749287,0.97498739670319279,0.90188980907388228,-0.011598169065601738,0.009554996961343808,-0.013105794628043167
3.8000000000000003,-1.2666491109751554,1.0206149927982424,-0.27104671063536007,0.0041513914489471736,0.013420111217551434,-0.036253649810476046
4,-0.36481101535583282,0.37858715062178055,-4.2419485851707579,0.0052897484380359881,-0.023873964883507071,-0.027730518856919371
4.2000000000000002,-0.096416582387465893,0.54495082569961195,2.0735397747335846,0.010021368571321869,0.0097468134924766948,-0.018284279011367463
4.4000000000000004,1.2436717028183824,-0.95649951869908589,-1.8390109341083614,0.0053668297125278588,-0.021666958198173922,-0.001029288491700921
4.6000000000000005,0.26937037861445534,-0.93968983558894614,-2.320553211369687,-0.0072959598648187169,0.0090499188735537351,0.078174230711353959
4.7999999999999998,-1.4573790776374147,0.29699325461780091,-1.9351963855555263,-0.015742146776081534,-0.0023510754848029623,0.16143560927426145
5,0.0073600298039871205,0.2091546755134529,-4.771815779056479,0.01214401929600413,0.0070238463907557258,0.25566304926802463
5.2000000000000002,0.99927634771354512,-0.1950028318067101,-1.088712732264759,0.0094122789000395633,-0.0020375296193843248,0.35019696050446636
5.4000000000000004,-1.3801766398327426,-0.48772602592529329,-2.6398343328305804,0.0017601420828440597,-0.010530494096494649,0.4371346549601362
5.6000000000000005,-0.092854987493163885,1.5134642970682812,1.1282664368944433,-0.01007163312578167,0.0010610135272937726,0.49320457002784207
5.7999999999999998,0.13249886044526657,0.38428270058976355,-1.7343276653120829,0.0066010835504813582,-0.00060078243806179908,0.50880496972110745
6,-0.040889776734932846,0.45234591786183709,-0.47752879859848973,0.0029598001376730547,-0.024571710236641835,0.54866439457177385
6.2000000000000002,0.96819703107455535,-1.2695967429727952,1.5891627138831279,-0.010374640473940142,0.0083808944315728866,0.52668093043329611
6.4000000000000004,-0.62866510918806906,-1.3558976305986861,1.7315300593401788,0.0059873495355658134,0.0045921008559883956,0.50935996304570752
6.6000000000000005,2.0485747203346798,0.53566517282635329,-3.2165536325162485,-0.0072447227167968574,5.2958795777693663e-05,0.49931731192380058
6.7999999999999998,0.47279872478897966,-1.3594715950015017,-0.38424417284241574,0.011168215254659653,0.0054563482791027676,0.49425916683363769
7,0.35481026519092085,0.53753499709944352,1.5162648875191544,-0.010536676965238105,0.0028680599340904353,0.49889947427759102
7.2000000000000002,-0.14981509403158372,0.45779150953549452,0.34736253333538059,0.0043110251664973563,0.0025184228076535219,0.49971386805117635
7.4000000000000004,-0.25389131607709187,-1.276489519987247,3.8624800631716885,0.010377930782600225,-0.01621323218482729,0.49519550653728001
7.6000000000000005,0.073211544652921637,-1.4173435273457238,5.3250078161164982,0.0056117132951970326,-0.01440294594002629,0.51943236497120215
7.7999999999999998,0.98619401509863602,-1.237302231782192,3.3113897816821636,0.010245121590241669,-0.0056397454898035092,0.50061194261139474
8,-0.87840408867544373,-1.5759722024201117,1.8525215488747997,-0.006643353527473494,-0.010076490837846921,0.50491910088474745
8.1999999999999993,0.064630935102371875,-0.039781466307941306,3.6718766550283037,-0.014233566191950847,-0.00056260682176801583,0.51175652450175146
8.4000000000000004,-0.18489264080829121,1.3112441457688346,-1.0107420146883974,-0.0010970203328510217,0.00037796375865266471,0.49058641331395331
8.5999999999999996,0.52808458489150945,1.1075388802849688,2.3415689564175999,-0.0082225393035499604,-0.0065042101881000137,0.47665278657376853
8.8000000000000007,-0.72295798512364462,-0.038610935914109946,4.4623468010058964,0.012390989758643282,-0.010279432136070171,0.50763375042474845
9,-0.31687399810540712,0.70220777447555482,2.0680396393881311,-0.0043061115174120781,-0.00039415476108379654,0.49145547582288057
9.2000000000000011,-0.21968320881881329,-0.75965175099902205,-1.2141562531331944,0.00086579653554138929,0.0031827676283336984,0.50652754971749914
9.4000000000000004,-0.31567522927581843,-0.05414708087977517,0.43744364305219263,0.012884451653350448,-0.016938595746718507,0.48648655867641111
9.5999999999999996,1.2874309627103511,0.43116137109294783,3.98584981379397,-0.022001931370443345,0.00017675663457503762,0.51736381069220572
9.8000000000000007,-0.94192673557591911,0.56543376208755936,-0.62796607788286662,-0.017782615631646348,-0.0081479662555459346,0.51928670304604951
10,-1.0993792232234498,1.1999674135782374,1.8230854014048781,-0.032433091546980139,-0.00013945877107021318,0.52767267672715557
10.200000000000001,0.91245022448439628,-0.46610683528619978,4.6991464013364004,-0.037226984361788375,-0.024376531908493551,0.50439755006455766
10.4,0.66370013823187779,1.278762826779329,2.1928704466608231,0.0051518625381432367,-0.0026488528468733225,0.50866386143931441
10.6,1.102675834678307,-0.45683081103660561,-0.24428911114581853,0.070753491397712462,0.017392699526795952,0.42053524816265453
10.800000000000001,-1.4310850342141788,1.255873684263406,0.9673894139549617,0.14257364052751043,0.0484279474071308,0.31937171537546333
11,-0.38792353688924092,-1.0849571111283294,4.9954921036906494,0.24705751462944442,0.063993420451136984,0.2307263908874079
11.200000000000001,-1.1930628903180143,-0.75187621305654329,-0.15743914915130164,0.34263929554970241,0.053635929200646457,0.15302247411735942
11.4,-0.60410219060057102,0.065889262746678098,5.8076652476097639,0.42596349199017147,-0.018344231862071275,0.075170430825972537
11.6,-0.31263656024750913,-0.49759359518960572,-0.59156731586171274,0.48542357002558051,-0.12890710382439549,0.027364534936817883
11.800000000000001,-0.87960781229444529,0.011964724680940543,4.3290218358729957,0.51420019011899376,-0.26096100369782571,0.038567546076789277
12,1.7775927889714325,-0.099631100784248708,6.8079042463533472,0.53425866752298035,-0.38239775036194484,0.031273982378324433
12.200000000000001,0.45287486514603281,-0.94316105997191868,2.1127164617408583,0.51818246600852036,-0.48450446517997209,-0.00070692508075826874
12.4,1.9395831885883668,-0.54720402908126009,0.73081171977461779,0.50935641246139896,-0.48863943892344902,-0.023538712850534823
12.6,1.0041552187007741,-2.0831215608323732,0.586490101905766,0.49109121049677446,-0.41132863322942559,-0.13330845064186295
12.800000000000001,0.49168860179431467,-0.3269386966866562,5.0051429021427341,0.50736667016310777,-0.25131692435086433,-0.25005696405762579
13,1.9281879022212005,-0.74676939261602104,0.35965060246893454,0.5045316639025923,-0.028731438999188876,-0.363800106821005
13.200000000000001,1.3356844596699895,-0.65371669229520435,-0.5193482973821526,0.49905172947771181,0.22626597179318547,-0.46591522182624029
13.4,1.8408557429396168,1.1900058612743727,1.9146904526388409,0.50303681719741555,0.38673776038496094,-0.47571874588924223
13.6,1.2487045426516017,-1.3831847957903769,4.3879865191842846,0.4951443373054088,0.51377410082358133,-0.40906793307645589
13.800000000000001,0.32771479851067564,1.2187491152468246,3.5032465733571101,0.4989083521431073,0.53769318623056161,-0.2595170576966972
14,1.1344268244001341,-1.0323885049611821,4.6725283145060921,0.50308383563649339,0.46424506964896306,-0.017805185072571891
14.200000000000001,1.906439593383358,0.12030634014531207,1.8269099695286797,0.48334916751038898,0.29884884945446938,0.21640383373629768
14.4,1.2193761462276096,-0.76001865821527637,3.2514239351574492,0.50982094472278583,0.10100174187930452,0.40635411309028369
14.6,1.4147320912053101,-2.2954422057662884,5.3002488585561887,0.49043461662631155,-0.11752949161852262,0.5209791079617514
14.800000000000001,3.1258427964405922,0.66921779995695552,3.300414988205834,0.50513896205136577,-0.29023688243749046,0.52961281448505471
15,3.1540432460727841,0.071243397209237697,2.5495047569212992,0.49033246640347777,-0.44730584480085778,0.47226038522985453
15.200000000000001,0.28231088865076681,0.5643187607633442,1.8873191255016752,0.48869825865774286,-0.53354689712137005,0.29369222686868901
15.4,1.9698538671155783,0.95511946581995366,1.907402048623942,0.49447370838669147,-0.52870152495177436,0.10031013630145098
15.6,2.380181781281125,-0.60846474613892287,3.6927097250006136,0.52169581394834086,-0.42376304239276297,-0.097494736410556074
15.800000000000001,3.9183965832781356,-2.876654939366734,2.3506019532987761,0.50163509016801522,-0.23400491272823293,-0.30901330063603405
16,2.9639812254838462,0.49085409221100346,3.5399153049689542,0.49533715631476188,-0.011239256381966723,-0.44246955759809609
16.199999999999999,2.7060468951177286,-0.83894032318301925,4.9428960819120924,0.48679407290858634,0.23574941479983413,-0.5305225640264869
16.399999999999999,1.7412141992358334,-0.72097272899797216,5.897599959236377,0.49302465536353068,0.41102186972594523,-0.52041033406135062
16.600000000000001,3.9541837034538911,0.38893156906003268,1.8571220648804108,0.50507456442756082,0.51240036988507587,-0.40441897655477621
16.800000000000001,3.4611301016982674,-0.8525034887750238,3.5547658005742724,0.4979711793009387,0.52570550251617787,-0.21797564898723812
17,4.6990590633796128,-1.4070357715956312,-1.2710143172203532,0.50384550349241441,0.4544903307239983,-0.00048729256671651297
17.199999999999999,3.3635211227879145,0.31669012114867096,3.154458099896285,0.49892292333547039,0.30459930957757247,0.23628481387608133
17.400000000000002,3.7911255252831002,-0.71516309651875631,3.4973644457819191,0.51465362673991499,0.1009444639298286,0.4266717223997375
17.600000000000001,3.1319113071930573,0.043759001265590333,2.358628731710692,0.50682128801872239,-0.10299826163746124,0.52036454172483837
17.800000000000001,4.5115376364785256,0.27342752345211635,2.321873717457299,0.50909058552712683,-0.2973107154635613,0.54194902668991218
18,3.413605016496708,0.59643775885834738,1.7694380901326165,0.49795037567212669,-0.45658887043343371,0.45415938708582027
18.199999999999999,3.3142922172392568,-1.4161513321585211,6.282317757032569,0.49168401986693083,-0.53192256748721622,0.29336957650465439
18.400000000000002,4.050595199952693,0.55584490759196847,1.3928988103877087,0.49670606874299844,-0.51955715858074092,0.10956625018351278
18.600000000000001,3.4936530983145389,0.25462509503629449,6.1843015766721789,0.50450932427373862,-0.41100840487008511,-0.094155479731007186
18.800000000000001,3.8760743747191637,-0.95185456638135058,5.0762111315926539,0.51016600687116653,-0.20248557811043616,-0.29579597711282768
19,4.7558634752446602,0.41035252267246441,1.4388342650516288,0.48773512427966348,0.019052113645060535,-0.44985843344663784
19.199999999999999,4.3235389736881693,-1.3938157284364894,4.9306452397321188,0.48591781634664094,0.24652748236085703,-0.53237639042442009
19.400000000000002,2.3968939296090537,-0.71171402682371299,1.9975432641284028,0.4993390395603558,0.3903726426194018,-0.5111350934560398
19.600000000000001,5.2694538932708506,-0.75868536939152431,2.7184622621295866,0.51028970059392109,0.47521633679824582,-0.40335557263920724
19.800000000000001,5.2443565568198496,0.5118336857654695,0.31141912590693366,0.51964621250919341,0.48818800702939569,-0.22836702319509661
20,5.0202350869191763,-0.63588250560864878,2.8991691364189087,0.51279609246403679,0.38484241064238517,0.025324081300237139
20.199999999999999,5.2788284851011076,-0.2419639304117199,4.7536998745136234,0.49633148050367715,0.22853704563738245,0.24238979645440006
20.400000000000002,3.9731640028176201,0.069626963011340109,1.2699015586179576,0.49788099692455651,0.12868981494732351,0.4183498479403468
20.600000000000001,5.359678287352871,0.1473170971118159,0.1189702004624551,0.50216317633998953,0.014971171172104471,0.48309412248526895
20.800000000000001,5.660609842104158,1.7874475266963437,3.3232325285105229,0.47882647778462606,-0.048603826538840517,0.5041590818084013
21,5.2155433223872931,-0.02942367984242189,1.7368832360313908,0.49179361731058802,-0.06891554242869817,0.39871643957728081
21.199999999999999,5.8553170882304073,0.92644646351967308,5.739488925032072,0.5275646952970835,-0.059041583984372946,0.25017490440040097
21.400000000000002,4.6672042322195466,-0.63203532556086062,3.4575895087944226,0.51044842727180251,-0.04333965851808845,0.11672212101340282
21.600000000000001,4.257508752865327,-1.1051244173061725,4.8721825144127111,0.51229682848187619,-0.0006467018960987763,0.0016131797130752648
21.800000000000001,5.9322650418872946,0.0039716567104677563,6.0067351525581181,0.53134440310624187,-0.0007302208772008538,-0.041546375311524407
22,6.2199803403650193,-1.027365628800833,1.1241001127649164,0.53017270101467817,0.024707440819181498,-0.057336537491535111
22.199999999999999,5.3019607672828855,-1.2564640376073872,-3.4886996997259834,0.51805298004883948,0.0067267555950540504,-0.051341694136913779
22.400000000000002,6.3123303216655504,-0.33490264846463164,0.80181662032343626,0.48917930330060438,0.017320845933790477,0.00012233644097146834
22.600000000000001,5.3306979020620808,-0.20253615786665172,6.1784747474569564,0.44096590556433951,0.033515815028888951,0.0040983423508416635
22.800000000000001,6.6748065262440344,0.050882101966136503,1.2021999368778182,0.33767506123540691,0.00095819754313892537,0.038888365520211909
23,5.9370805290266899,-0.2928504126438809,4.5283013706789372,0.24079119468239926,0.015463786836297278,0.016193372815875455
23.199999999999999,7.1876101543754114,0.73994903110154775,3.9286047889337863,0.14466154786882615,0.011352713115823251,0.027046941928478379
23.400000000000002,5.5348627258277618,-0.13342526036497862,0.098817772482336697,0.080303199407482123,-0.0095010603931150947,0.0024979610517143723
23.600000000000001,7.9132340369529244,0.34127109500764441,4.2543892495311564,0.021530653133998899,-0.0091533201984343726,-0.010523230681176698
23.800000000000001,7.0812818435691005,-0.18784776185367777,1.7330358256824776,-0.036879619873415606,-0.029905920466072454,0.0013177932305278106
24,6.3556159066689162,1.1332319493677556,1.131720787132926,-0.031057154956011288,-0.038978019795291308,0.00020396745104836207
24.199999999999999,5.9808157258988253,-0.71497324420029063,3.1865193651007329,-0.033664428619539971,-0.024421139054657027,-0.0017185966169243657
24.400000000000002,5.8392383281905129,-0.29509925996946035,1.5103808770101319,0.0014805179906122075,0.0019609460471454359,0.0011606537309624566
24.600000000000001,6.1792520087732585,-0.52693256633305952,2.0855298882682605,-0.014964491069397141,0.068655024541120949,0.0091634108917125218
24.800000000000001,5.688556648290894,1.7691953475546511,5.3867652741797372,0.015929800250865107,0.15358745562095522,-0.0039382633716801381
25,5.6599597075573831,-0.74623180006971912,3.8258715302730568,0.014226596449662007,0.22679798283669592,-0.00028099157102127407
25.199999999999999,6.0391280131406253,0.7075353456400324,3.5300822873869819,0.0047502552542028681,0.34864329816079193,-0.0053794648642534037
25.400000000000002,6.6313662386791483,0.67937995354463721,5.9559410859300712,0.011887165923086652,0.43216390765005891,-0.0115860672480108
25.600000000000001,6.1140281738050737,-0.98600783742648979,2.539780869726143,-0.0038023874843747113,0.49625093612148469,-0.0088712763011201574
25.800000000000001,5.563447902252026,0.18710911267139221,1.6210666431432417,-0.024282443818461147,0.55771043362573269,0.004036024920830902
26,6.2993251771989547,-0.13045714605709902,3.3915314306353137,0.0084471427546144867,0.56845744379343166,0.0046522377094951961
26.199999999999999,5.5876767597508632,1.9805019844188947,3.6508376087947334,0.0036440457484559177,0.56321387077633145,0.0018390636294118839
26.400000000000002,5.6024244394527454,1.0322941514105957,3.5857384759748854,0.00041094417155739839,0.52558095974054619,0.00077450597791464313
26.600000000000001,8.9320085856826417,1.1381378783208578,7.1707573932659727,0.011727636978221691,0.43454744657014277,-0.018714279588347538
26.800000000000001,6.6705601982265481,1.4700494898152541,4.1232446552694944,-0.0019622220710484159,0.33235384826897829,-0.0073232495698310187
27,6.7897415700434864,1.1541662598891409,1.9508545932986754,-0.016307712046196174,0.23464346868571317,-0.0086568123890175003
27.199999999999999,6.6442695996622385,-0.24130003797498079,3.5149595324644038,-0.0024635393594965851,0.13691947819229616,0.0073898992902816998
27.400000000000002,6.3141405192190483,0.92708370252656014,5.4209155657508878,-0.012282105357180712,0.069030520129516021,0.0064594688289496861
27.600000000000001,7.5107544842693965,1.5382730531719946,3.6141817906476885,0.027006554741028841,0.020772173668837702,0.0062794039792447558
27.800000000000001,5.3552825603479057,0.72933793662872426,2.4144267262117083,0.03822161291060578,-0.025615795113515461,0.0016789485667106571
28,6.47727030259421,2.7336107111634371,1.9658640788647357,0.042311120180119129,-0.031097989624005971,-0.015105057222442344
28.199999999999999,6.2511251388416094,-0.18654204594392754,4.1674022723401523,0.035372196499637416,-0.024333589322331033,0.003184173191014134
28.400000000000002,5.4251586194092587,-0.3538478538902694,3.0731643195506262,-0.0035642007304259255,-0.00082543854041667447,0.025640410310336804
28.600000000000001,5.3476739334351677,1.2275370728633634,3.833714214447463,-0.062388842713251132,0.0018790599225756361,-0.012441825857864929
28.800000000000001,6.7933110279576283,-0.5521501861952206,2.4553624765410551,-0.17523391931063301,0.018427902733198692,-0.012286749497130982
29,5.6762108417789587,1.1127246644966646,4.4076077528755668,-0.2307286729007533,0.013116432533081306,-0.011966774458963233
29.199999999999999,6.8383012116702471,0.23264948082020731,1.0335235699712109,-0.33829838796945305,0.013095960544128159,-0.012090480298570329
29.400000000000002,5.7409541012704759,-0.41223112892908409,6.1280954899370563,-0.44009599593596216,0.0056225925210971143,0.017473062695479345
29.600000000000001,5.577024527411572,1.3566794843539509,3.3064820483770316,-0.48917963807690895,-0.0042846304869653996,0.021487269227056467
29.800000000000001,5.5623077346026886,2.1156573847416449,3.1070193839104858,-0.52631460425811416,-0.02362322838235862,0.050610567378870548
30,3.8220013774336663,0.20127167734701945,-0.082836752001290481,-0.52519224337414494,-0.033029777477600941,0.057044628734471886
30.199999999999999,4.3008315527852083,0.83712342947434593,7.2260501888267283,-0.53127021207430369,-0.027267266103820065,0.04746083133334715
30.400000000000002,6.0330732881091151,-0.78125312978460826,1.170097437731632,-0.50227129818995497,-0.0028065904496052856,-0.016915225062738688
30.600000000000001,6.2577910697618577,1.7673450026977835,5.2742982523082844,-0.49322700028945976,0.019046605329938408,-0.11459119309538406
30.800000000000001,6.1693548228202033,1.9734963604104014,4.2331403436766113,-0.47890257613529186,0.04286698529165265,-0.24069548371238064
31,4.7211400006370248,2.6595845762856349,3.546427525347442,-0.4869558095947159,0.078915130794537922,-0.37153630684836891
31.199999999999999,4.7135745469086769,1.7379360525337342,5.2208653171951038,-0.49524772712363335,0.031957059793319101,-0.47376942078385198
31.400000000000002,4.5493061904157921,0.72855285153020155,2.3426410099619495,-0.49436668268611866,-0.02748042101388657,-0.4916457672876044
31.600000000000001,3.5270790470325739,1.3717110452372656,5.0723826858178036,-0.50485916766487271,-0.10829164534083514,-0.40196847167701216
31.800000000000001,4.7826359943557701,1.2498043524100189,5.1299395222651389,-0.50440149603194939,-0.27374083275721289,-0.24924725041323589
32,5.1761510569510234,1.6858033820598379,3.2546736445776392,-0.49297345798628256,-0.39171497344760708,0.0057113974296151976
32.200000000000003,4.0607721242602119,1.5300576631104605,-2.1503748891886354,-0.51295678133871103,-0.49835253180945926,0.2297640970083836
32.399999999999999,4.2328586007872282,0.32431010817835065,-1.1348569732942129,-0.51995892559150836,-0.47934522369908783,0.40657787918726901
32.600000000000001,4.3044113477729349,0.49427042525246379,3.3094780794493168,-0.50098740866235525,-0.41503817701908352,0.51327035818660505
32.799999999999997,4.0790900121431237,0.063538763274237797,2.594032328134833,-0.49863594964116786,-0.23054362240885293,0.53363260144591962
33,4.9809208489712091,-0.11200731255241336,7.0235706355120175,-0.48396203259617132,-0.016061203899482641,0.4472380911368149
33.200000000000003,3.1434965520191946,1.2598883855386593,1.4444540703237045,-0.48873197566338911,0.23060779546094645,0.30557310551561306
33.399999999999999,4.8906615104623858,2.0951646917651807,6.6509262701726932,-0.48868841631324689,0.3933363830782351,0.10067315291884907
33.600000000000001,3.2155075584126802,0.22645931714636164,1.4043209678744237,-0.48900652693589236,0.51023836358271113,-0.10367362348983478
33.799999999999997,3.9948885959567488,0.78503382466297644,-0.76535747672187426,-0.50078553323970465,0.53862241152526291,-0.29879939830377511
34,3.2764337524030358,0.17092242396506396,3.0950590378355805,-0.52023788695602413,0.45624394525158291,-0.45196123662364363
34.200000000000003,3.4584425742588158,0.70636846049700985,5.8439687234548394,-0.51504259940152508,0.30672085544680022,-0.52721369101948135
34.399999999999999,3.9663015965981661,1.9228037258129667,5.2099491545489727,-0.5002124018239692,0.094712317346823671,-0.5184514118649628
34.600000000000001,1.7911509617338599,1.0101861240283865,-3.2915044661560677,-0.50933975946085608,-0.11875883570984751,-0.40630738044569781
34.800000000000004,2.687954492135336,0.60646690149782134,2.4584380367189764,-0.48764443569529159,-0.29713298729548582,-0.22746039451871727
35,1.4808740793603621,1.5327106875661785,5.7344002919443273,-0.51656319434164555,-0.44907857786776284,0.0019966734648564984
35.200000000000003,1.0367607697383654,-0.88678972058928895,3.2332263428476988,-0.50932384573026346,-0.52753486135935179,0.23265980038951675
35.399999999999999,3.9616681009409902,0.46584031619783661,4.874683518655111,-0.50172764722744223,-0.5244511742740573,0.42019289730092829
35.600000000000001,5.1975357958170756,1.3414403424300625,1.6649626450645749,-0.50496213555634029,-0.42635081896579413,0.53093837314634018
35.800000000000004,3.045160440315716,-0.98736026948199629,1.3895041039627829,-0.52624074856475178,-0.25367112375288747,0.51730657307598271
36,2.7201068864559574,0.7520624773726392,9.0087745109413184,-0.50403704272481031,0.0027907783815813289,0.42927977801825601
36.200000000000003,3.5028819467256351,-0.65101296288509636,2.1267830377119479,-0.4828125087470671,0.2392026391251468,0.31007050470144371
36.399999999999999,1.0292574541208699,1.0989881361601985,1.3227027037721291,-0.50803501833663878,0.41934407424293635,0.10961786277284995
36.600000000000001,2.9816014601814773,2.4974781353255122,4.1394837404164413,-0.51508724727543487,0.51348288234321071,-0.10482726734645802
36.800000000000004,1.1973825587575448,-0.41731487665828959,-0.18373394447576308,-0.49579711425753853,0.51277257197936843,-0.29453674592650836
37,2.4380373378153353,2.4919032059139199,1.9854154493328187,-0.49544042168306524,0.44522749883773549,-0.44841564770354408
37.200000000000003,2.501296379630491,0.61258363572877461,-0.67993725272791172,-0.50127027588886885,0.28889316529071318,-0.53782951330716133
37.399999999999999,3.141316639848851,1.8408399799573347,1.7748299433910875,-0.48148118894687747,0.10203694643075654,-0.51152356293053547
37.600000000000001,0.84607100878015529,0.57984120327766497,3.4608926426646875,-0.51076944657403966,-0.11268522595146968,-0.42283310567916649
37.800000000000004,1.4116666362955914,3.1316555459116358,2.9260838982806145,-0.4885845989263472,-0.29892612306799082,-0.22262087629600744
38,1.4733659891653312,1.6163354754434081,-0.80135055027789281,-0.48958462609048897,-0.4638935321270744,0.013645963425282293
38.200000000000003,0.44560191884840383,-0.19021576578262145,3.156050321153514,-0.48200380442686591,-0.52914374173145895,0.23827379800226778
38.399999999999999,2.4167488399143364,-0.19579062762962551,4.319802608523494,-0.50811659804786602,-0.50635733050131715,0.41718305961339214
38.600000000000001,1.304284573434473,1.3101523303063007,3.2225833703236368,-0.49193117294982497,-0.4089707754834227,0.49048867980143296
38.800000000000004,0.59580564282410575,-1.5236272641379958,4.3514053991077848,-0.48758052261848306,-0.22822874374353952,0.48683030107251163
39,2.0243573175307175,1.729420550021016,1.7646369323071449,-0.48811152901292576,0.027048041551218614,0.3718394206252395
39.200000000000003,-0.0018784485343894541,1.1665841628432925,-1.4321166872493132,-0.49707846838335967,0.21736941788010908,0.26275527602878379
39.399999999999999,1.2491570626980852,0.41381682009720255,1.7022659517750793,-0.48423019577547516,0.40650059190485693,0.12998361311131562
39.600000000000001,2.0481333469858005,-0.14688989762163995,0.72237222351674646,-0.5238276841852042,0.48489364285575171,0.035326408808433699
39.800000000000004,0.76600902818718997,0.014223514445213081,-0.12389279111692941,-0.52282222762826824,0.50145033590156995,-0.043672023898466278
40,0.5908864598798711,0.75228807927531194,10.595455373603329,-0.53204546426816435,0.43529436644063269,-0.04823947570499576
40.200000000000003,0.60372651625312646,0.91824571445652081,4.2294745308058586,-0.54385485671257183,0.27774131744688652,-0.039551964167040224
40.399999999999999,0.34711778764225382,0.99303236970989506,1.7742919034213913,-0.49411359966034557,0.11602675378948066,-0.0072710332322098309
40.600000000000001,0.21222111600347404,2.0462558784648377,3.7697156759198487,-0.43349584778372702,-0.044414103005059144,0.00084043282537257964
40.800000000000004,-0.3988705897313326,0.023597050689245336,-1.6076673110536466,-0.34096899518254231,-0.19891827754833499,-0.0038844718592419177
41,0.52613989825797725,0.13035159390548157,2.7441640154786175,-0.24545048486313442,-0.29716716581006486,-0.0043169290073234168
41.200000000000003,-0.38220731752273629,0.43781179427969213,2.6848598616388868,-0.15936366624578729,-0.39726881879700426,0.0063713851674789676
41.399999999999999,-0.18159209030988246,-1.0756244104593211,-1.2284585202697915,-0.069372220365638268,-0.45254573687188898,0.015423227924823476
41.600000000000001,-0.086330209052075335,2.097882229751439,3.35711070043007,-0.0029489926518055784,-0.51487892409020897,0.024221771972339171
41.800000000000004,-0.30333825132349501,-0.081635016354644652,1.4704148375241548,0.014623497161590893,-0.52800892354998441,0.012465695653076748
42,-0.32706006086377143,0.27565658907790075,2.5946078606966037,0.023913636525967848,-0.54461130306088501,0.033585470669411643
42.200000000000003,0.6101892808089785,3.4706490348190497,1.5992231796116987,0.041666314079686038,-0.54950237878012709,0.014816320229035354
42.399999999999999,0.35370924028827705,0.13373329785362692,4.2804388546558769,0.011142650273650053,-0.50132976926595152,-0.012208625739513162
42.600000000000001,0.31492027517013182,-0.84252354308019783,3.2580821377260847,0.011890167438148207,-0.43769603092018677,-0.065984286272749965
42.800000000000004,-0.70034414851107718,2.5796530885221118,4.1839036102144735,0.0013556670153452473,-0.33775999331553735,-0.14646655248863827
43,-1.26217390419439,0.088401004267793515,4.6166718550898445,0.0081586424629372101,-0.24300349196197474,-0.22267217422212049
43.200000000000003,0.054018090869610839,1.132737723293789,1.3078803395341523,-0.012481204211836575,-0.17020867328336636,-0.34257379969726526
43.399999999999999,0.36271449444220571,0.37477630953483304,3.6716122678628373,0.0040111117443318838,-0.067369218845344817,-0.42661066655225344
43.600000000000001,-0.036879941347911012,1.7330380831764984,2.7141427892913761,-0.016291286769503754,0.00025470516810163248,-0.49749364415778263
43.800000000000004,-0.47189826461642137,0.41427478045358096,1.0259010725776827,-0.00082867025185973716,0.022686191908645719,-0.5127281068483045
44,2.4114606997846315,0.56927272939952189,3.3992524376707247,0.0043358856412534993,0.022931972921162537,-0.53487650460470648
44.200000000000003,0.8657997514409479,-1.4910162742332425,1.012583497262536,-0.0035413506318883901,0.035483971637728817,-0.52429139180051276
44.399999999999999,0.34709286203109446,-0.14875788856628433,3.8528317631957578,0.0087329908337813837,0.013044145198823182,-0.50640819494286227
44.600000000000001,-0.33800210629939392,0.36603566780530711,2.1374936307003498,-0.0080856012553380003,-0.0070466835108314099,-0.49381273274134818
44.800000000000004,0.70491777634447916,0.0032321251460012243,-0.025513765664758825,0.013918913775861423,-0.025706664373459111,-0.49285257199803895
45,0.33860565512665203,-0.43853857324872553,2.1201092180870993,-0.019675437445477319,-0.0058316257618879659,-0.47469883007709046
45.199999999999996,-1.9395660441686438,-1.556816622097293,2.4430429165286571,0.00020075613335594604,0.009106781584294725,-0.49727530268026554
45.399999999999999,0.26490027819240569,-0.66741334848278566,2.7566223672195438,-0.0071565354049990823,-0.013763262377898218,-0.48412054437153734
45.600000000000001,-0.66084329920417506,0.24382919417519297,0.46271373716686304,0.0057756816583012776,0.0018425503824082328,-0.48946430473003255
45.799999999999997,0.80095242504006903,1.2524058677782484,0.25112061122542162,0.0049026252076109084,0.0086358162825398849,-0.49645381589655108
46,0.49308760517469302,0.0051070933098356051,0.77367028952217132,-0.012938382800153417,-0.0021982463241523925,-0.51856431534028768
46.199999999999996,0.21260628682406779,-0.78282785321463688,0.68215549958692101,0.0016785080880159101,-0.0091610322666352099,-0.50584012211216356
46.399999999999999,-0.11699625205803783,0.30508418751391059,2.8152276936988154,-0.013727346377196678,0.0012861470701244432,-0.48493334518342512
46.600000000000001,-1.224612428898326,0.32047745235290692,1.2790266978241636,-0.002577245869713403,-0.00772715915756536,-0.49301693104083721
46.799999999999997,0.95273846269283347,0.11617066652626434,4.164050580606423,-0.0064739357602700666,0.018264091340387829,-0.48615152550626733
47,-0.88199388286880442,1.0368792361397596,3.2227257070620352,-0.014249397781066772,-0.0083358012335842963,-0.47656387111132242
47.199999999999996,0.57946656792634033,0.74555669050500417,-0.2208818729204276,0.0018762796152804189,-0.012657359223869782,-0.49857285635061183
47.399999999999999,-0.44860253749715451,-0.20616761141442505,0.48080918227579195,0.0025740521148245078,-0.014424546433153114,-0.49971563352804516
47.600000000000001,0.60067177101988689,-0.20562626875524587,2.2477898337138686,0.0038017851435829483,-0.023247163294428559,-0.53798385297498552
47.799999999999997,-1.1272803432126997,-0.98414311100604079,1.5258897427798241,0.0058071787971092663,-0.0072364227116609586,-0.51518071702393942
48,-1.4202586583388193,-0.56092141265445061,0.12255512684597053,-0.013273647102460599,-0.017452517439236381,-0.52528988159268486
48.199999999999996,1.3095115744188168,-0.13559897864947135,-0.2606058754282442,0.01247362947152447,-0.0037858248293779653,-0.51679054313841033
48.399999999999999,1.8172373196955465,0.94668156845144746,1.5856982877887447,0.0053935574798981501,0.0011949472599061431,-0.50892794742293312
48.600000000000001,0.45580184021667131,-0.67941963003034878,-2.199341481079427,0.0036962091240088785,0.017183954829953621,-0.42574614078148537
48.799999999999997,-1.0739863275536592,-0.18673916954002795,-0.5040919116125484,-0.00085557442789245476,0.00091422591257029077,-0.342977025776735
49,0.75231096238789807,0.78572898807210423,1.1211072138019753,8.7623636779238203e-06,-0.0044008475341996709,-0.24303477027119888
49.199999999999996,0.89460745242016104,-0.59551004196724422,1.929737000676913,-0.004619535668043003,-0.0024894252423387406,-0.15250509031752363
49.399999999999999,-0.29782465304355066,-0.57142134100338238,-1.7387930196530184,-0.01027139359127349,-0.001582901184338069,-0.079478470513568614
49.600000000000001,0.14755750552392519,-0.80404177920956743,1.9232260000417019,0.0091894399699099672,-0.0027188678496039638,0.0084948478751035675
49.799999999999997,-0.54651567950834345,0.14180671665643149,-0.5405966604072413,0.01517878342248589,-0.019377936150201572,0.012378090560666801
50,-0.18423677071663558,-1.2252045991929099,-3.0332901137828254,-0.0086314896369697955,0.0014811568020060874,0.02009584789775901
50.199999999999996,0.58947566064625512,0.75381601706875134,-3.6207446885328882,0.012488174746296753,0.0020312697910704054,0.029527002474148033
50.399999999999999,-0.24153762998214634,0.30111204951941051,-4.2520708042094686,0.01783262893655355,0.011106572754462802,0.0087954958410082686
50.600000000000001,0.10311341824569159,-0.70804019331375323,0.85522086342122916,-0.01187720173657838,0.005072394282133825,-0.0075535722524160045
50.799999999999997,-0.71506099963582281,0.058841722524907714,2.0960056145320025,0.013524308998533701,0.00014910060688615872,0.006203358767761135
51,-0.24162722516876436,-0.15091899758912561,-0.31478533205863873,0.0055800728933003245,-0.0039008169054357907,-0.0081383769325709641
51.199999999999996,2.4411870307802728,0.207699487719614,-0.30171122860249744,0.00086376738907466125,0.018149920738769216,-0.0096880989793023432
51.399999999999999,0.0034363060987290272,-0.88310186001218793,1.2581532299770188,0.0094132539329750669,-0.00055640619316127068,-0.0057023919070809488
51.600000000000001,0.30351439333960978,-0.63863178099369011,-1.0181106702786624,-0.0061077897612517194,-0.0016135860644144883,0.016531914868502078
51.799999999999997,0.81077888630145245,-0.53132363938661731,0.80590686261588229,0.003676971454927958,-0.011469265982040415,0.010489699506737116
52,-0.3044545403099887,0.12954592656180694,1.2550808540491984,-0.0016320036350997997,-0.0058403560904406043,-0.0076450055251789939
52.199999999999996,0.52457326044120856,-1.5658187883908969,2.016008888111398,-0.012801574535754702,0.0095749153174538339,0.0037598146108909739
52.399999999999999,1.283387784071385,-1.300668888101906,-0.1384791755443143,-0.0024123701417588985,0.0018970200475711943,0.0033051672511166894
52.600000000000001,0.065545607552437796,-0.66430883745374747,1.1905306764166417,-0.00038157397343105908,-0.00027880472222877771,-0.0075123622434973966
52.799999999999997,-0.34548696086752873,1.5300958824396591,1.1024032167746678,-0.0012650995483420066,-0.0018775832775585752,-0.0099989134838963777
53,0.15364196440566716,-0.56652514342449856,1.9717862531631971,-0.014297581308030624,0.007824630783672697,0.0052447907344313456
53.199999999999996,-0.30533094257651394,0.15168648658384187,-0.12651446626595861,-0.0074829362944800566,0.011230600419269605,-0.015000410767153851
53.399999999999999,0.24480773538348286,0.014723679835214731,-2.072125264013339,0.0057762689193606971,-0.0012830667854028003,0.0069223209820102353
53.600000000000001,0.60913740091100166,0.43771336678416511,2.6653263741320057,0.0090901447258080002,0.0069896840497099353,0.004767909447472388
53.799999999999997,-0.49782185871697515,0.39620257984126334,-1.1279924509553185,-0.016871472498876636,0.01252522618807498,-0.00015896798010724524
54,1.0636683006966512,0.58778499415248342,3.7024468279793883,0.007818654541456584,-0.0049433419828967904,-0.00010043914319946348
54.199999999999996,1.5243447457015142,0.63026430579213322,2.7147554780826635,-0.008259539529883838,0.0016458179739739652,-0.0062232782606215578
54.399999999999999,-0.87773530055859639,0.2032690154464637,3.4773747145672802,-0.0011670301383114715,0.0039684829942347411,0.013331699035438148
54.600000000000001,0.015013721632241031,-0.41405683292379281,3.3090792756031386,-0.018306750847540378,-0.0045793966301106992,-0.0054121961900049642
54.799999999999997,0.47253383549263311,1.341805331664484,-1.5080451384540523,-0.0083122521433051499,0.0096609556994678523,-0.0055044279873015974
55,-0.058343156055187646,-0.09973718972569405,-0.68188354363378856,-0.0085684319878922555,-0.0055687694576975694,0.0026330560823489319
55.199999999999996,0.086019470490984462,-0.94745806632409402,-0.4454230035080724,0.0076849839741641949,-0.0076037462583290099,-0.021214427442036672
55.399999999999999,-1.4800880071039819,-0.80640610204769425,1.3099038712823405,-0.0010709490577487939,-0.0044847125739335874,0.0005868460334835738
55.600000000000001,0.052128565673222507,0.22510605539722661,2.6193916227697773,0.021762527389522328,-0.0056472399737397946,0.0060519220267344961
55.799999999999997,1.5328901296507877,0.44872290527902198,-4.1331566117399356,0.0055030159954700024,-0.0015997887843003148,-0.010882594149755263
56,-0.79765877170995358,-0.33020741368037498,-1.4343283936468345,0.014458615917669459,-0.0076981361936860762,0.0085757682528398854
56.200000000000003,-0.42274373514682689,0.56554211093947893,-2.865648678403486,-0.0062193836882757144,0.0013688392770855912,-0.0085535215373608812
56.399999999999999,-0.21207607934701525,-0.56677622368420688,-4.5771907733685513,0.020854510650191563,-0.007442643583899713,-0.0021849171182056989
56.600000000000001,0.62900450978805678,1.6089282218987386,-3.3097554919825964,-0.0035301570201729951,0.0076796485034726705,0.016753036205752546
56.799999999999997,2.1113103062584995,-0.27709448048196805,3.8878182341844139,0.0085472029731230772,-0.021537645316859897,0.00075808805022036982
57,-0.54254852856134528,-0.84410306565890914,1.5017604910342492,0.011192191195288659,-0.01051779065826081,0.0057121999094268527
57.200000000000003,-0.72081226629737238,0.49028878585874858,2.1340813201195026,0.0011478899478507185,-0.0057904134507593035,-0.019697559366719138
57.399999999999999,0.67029446683906779,-0.74750698605848298,2.3603399516626626,0.0024463544185607659,0.00050576302707941532,-0.004226242380292216
57.600000000000001,-0.44013055284787439,0.13427288995634407,-1.9674435879712189,0.007268525373446166,-0.0035046727461868622,0.0091967488560038661
57.799999999999997,0.17667098905487835,-2.180579281084603,-0.53372174269417383,-0.0010862025801196972,0.0055116255860848066,0.0075288860547211801
58,1.0838288542539074,-0.65063772939111275,-2.4851559224099318,0.0034671106095477372,-0.015145464268290314,0.0028895587723669837
58.200000000000003,0.87040337681348245,0.18761435391529466,4.6437869934006022,-0.0026977775229619127,-0.016784170931078212,0.004258561596410422
58.399999999999999,-0.45346753641869436,0.79341625999727494,-0.53295233764712957,-0.00097346359688953903,0.0094675221456372131,-0.0047383872304068084
58.599999999999994,-0.6957433899516331,-0.37101276840440789,-1.7780248397703058,0.00059701404593457135,-0.0061217328348394827,-9.999846002263198e-05
58.799999999999997,1.8780618174497357,0.24672231308595796,-0.70282168153932356,-0.0092721425922796547,0.0016292661523113427,0.0073099086226810399
59,-0.93571025475960667,-1.434296723165932,2.2883577798706454,0.003180676918497884,-0.0041146175689298261,-0.0045844305410515061
59.200000000000003,0.60898338160644783,1.5923666709932323,-2.8290470346009622,0.010886205570853373,0.0055974039602109168,-0.0016839126626233261
59.399999999999999,-1.3617182174637796,-1.1122277250307422,-1.456352112505243,-0.010021809595142124,0.00088259406967895954,-0.017703319052982971
59.599999999999994,-1.8628820076210331,-0.3898848352673136,1.459654370175635,-0.024681166738437434,0.010806101772700581,-0.0056583472437889233
59.799999999999997,0.86782878526988416,-0.58309095668052524,2.0630984293668053,0.012306021329421097,-0.0049057117829072747,-0.0020370331775759246
60,-0.70602673462393362,-0.42234966539584073,-4.5887325872941496,-0.00404057550626955,-0.00459373512937179,0.021877572581800675
60.200000000000003,0.757792602658103,-0.52965483185495343,0.77100705411027826,0.00088810852021527242,0.010590818559184289,-0.010930419290430333
60.399999999999999,-0.032475407819843406,-0.27475767274607338,0.38099845791924758,0.0047064037961568085,0.0014786392855985911,0.010890079702638503
60.599999999999994,-1.4641000263236998,-0.61482603797186475,2.9442961850535498,-0.0081178186084311186,-0.007478894311877286,0.001047242552736117
60.799999999999997,0.66371419851183233,0.61148124033373707,-2.2607079857443333,0.0091859559142632077,-0.012631989186087121,0.0080134192389951439
61,0.0084962954449937546,0.02143293773697821,-0.058618328541976489,-0.0032762327060799111,0.0046804029587756476,-0.0096336368353339887
61.200000000000003,-0.15756472717093337,0.9103348711314091,-0.56505601472296418,-0.010149170509374835,-0.018298998537699143,-0.003569531375944172
61.399999999999999,0.18523430244865766,0.34831325520508682,-0.9806824151231901,-0.013965061038122796,0.0029553828329178721,0.0031928594705971595
61.599999999999994,-0.043489471564903542,0.23892524964596668,-0.35532057708612602,-0.0052183814916598225,-0.0052272561966468485,-0.0082093625418922928
61.799999999999997,0.73206766038186422,-0.26517989921446478,2.7996583522527922,0.0015576663952719025,0.0030138629237099388,0.0044486279731466068
62,-0.327992932822957,-1.4499636743597961,0.37341070675144378,-0.0071870464563066495,0.00030947991788041272,0.0028925325793975535
62.200000000000003,1.1529038786908741,0.66294675847821494,-2.0690126615756661,0.011932944378934799,0.0031064033858339167,-0.0083600177912774368
62.399999999999999,0.97346498328309783,-2.2163537866492415,-0.2319152632701916,0.012423874242973514,-0.0080743022371037917,-0.00053949615806821605
62.599999999999994,1.7846343716939768,-0.067934435188646988,0.57821710710442065,0.018336184645676309,-0.0076211353715612334,-0.0078649542164011682
62.799999999999997,0.51138067570722956,-0.46759626881287136,3.3395043089225331,0.0031165141742589752,0.0017456287500377794,0.013399302211979307
63,0.17048292927898243,-0.76584101234761592,0.78965103807803649,0.016676040272308418,-0.02150144184904822,0.0067397844663777875
63.200000000000003,-0.36361902985953348,0.40775074902390762,2.9863594176633783,-0.0075431253189182949,-0.0060074940781746668,-0.00082051491511266799
63.399999999999999,0.0041018966256294326,-1.4234670301421992,3.9726816957377378,-0.010155256052722359,-0.009586040607349907,0.0042826701563886734
63.599999999999994,-0.21373426388034142,-0.73831525355747418,1.5919319908912384,0.018878726558582439,-0.017968242806646769,0.0039050812717678941
63.799999999999997,0.13103781462839592,-0.86809779245556662,0.58825305649062498,-0.00094831933177618192,0.0048991723994638078,0.013944415124966332
64,0.23622814198664402,0.96236025049060026,-1.8636272379516097,0.0013585591577004294,0.010165030879191257,0.0027534429624750984
64.200000000000003,1.2709154667683247,-0.33071416446309587,-0.65133080888511441,0.0091307175127228035,0.0049221631517381223,-0.0028610189827705354
64.400000000000006,0.92739208560874786,-1.5629892722466603,-1.4205666048830787,-0.013827415260195,-0.0047706109189017045,-0.0057171471147884102
64.599999999999994,0.17882599964887219,1.020553160355993,1.9686127008336611,-0.012808469318291597,0.026427089388705111,0.013810904422900078
64.799999999999997,-0.056760789551270875,2.150138377192985,-0.060651461219674352,-0.0023385480357378803,-0.0036134605395244292,-0.014745408342623462
65,-0.17411879074248296,0.063226808861997094,3.4200780090071614,0.0043666211322232178,0.0011163024435531658,-0.003823230908267626
65.200000000000003,0.18628801148157376,1.0036301981432301,0.6412768184499289,-0.019291001082407333,-0.0045081577809089439,-0.0037057439899798642
65.400000000000006,-0.75025343080729756,-0.24098615710426163,-1.7052225364169376,0.013338853325213534,0.011806706314034477,0.0071463868066915679
65.599999999999994,-0.7315024963326392,-0.56620412562050293,-2.5055505996063587,0.014743052082004266,-0.012215922746693728,0.0065442209022126829
65.799999999999997,-0.14985211325895589,-0.11718032214269089,2.9736222227435296,0.0014823277288993134,-0.003032076030341075,0.0016023609085558492
66,0.1160017433904858,1.0125197893823403,2.6962796314601052,-0.0099711109202893465,-0.01453206791036463,-0.014780820811966962
66.200000000000003,0.56915733590787088,-0.54561450505281961,3.04715962403198,-0.0016920919400488365,0.0020889771075949092,-0.007048159048545664
66.400000000000006,0.56491126618404663,-0.28247106473761696,-2.2023222112632959,-0.014400703113976296,0.001887876584125067,0.011331087224424552
66.599999999999994,1.7877437176499331,0.082321219482776639,1.8630729775470849,-0.001666481601904255,0.0096495871049931941,0.010847935646391957
66.799999999999997,0.2793495336428517,0.58486528866647503,-2.3374105189246213,0.0034827647427991501,-0.011294165575939312,-0.002537078242228485
67,-0.11474841647413743,0.6853858238972399,-0.66507873769140324,-0.002204050010021062,-0.0049715932407594088,-0.0048158152834161753
67.200000000000003,0.63820010223519319,0.07789621233963305,1.0872801174334601,-0.0089561444137267066,0.0036856228488816195,-0.0044616174183401865
67.400000000000006,0.54200164877861146,-0.48842413398752826,-1.2483198823654709,-0.0043899278035080336,-0.003799335253809653,0.0078319696617133693
67.599999999999994,0.23616461861096491,-0.43675619841043717,-2.6721602850592059,-0.0065314728992113243,-0.010569511059530693,0.012764404930980888
67.799999999999997,-0.2976782113811523,-1.3475756163596646,-0.88562798972380019,0.0060152709978728838,0.0097022779465633559,-0.013550385227023187
68,0.68712999006437314,0.35639576136509821,2.1870879955280449,-0.0033293629617623809,0.0020664292593156721,0.00076952697771660882
68.200000000000003,-0.34306053875718795,-0.97346079116965611,2.3348892354595061,-0.0080055396508339084,-0.0090694853548366761,0.0039802726420206111
68.400000000000006,0.7022806634084503,0.96518353735425266,-1.1584386115893226,0.0053352209570068955,-0.015167229037583817,0.01320209306313347
68.599999999999994,-0.20580032673213777,-0.11404598534061722,3.5908642676414191,-0.01129670107688264,-0.0029352730682063455,-0.0083305955039374227
68.799999999999997,0.1499408171261459,0.5092916763769002,1.2509652530143451,-0.0090949960903372058,-0.00084338527895959066,-0.011648790354218489
69,-0.81782925924795169,2.1264230852460426,-0.83630924723317768,0.0001795271458452994,-0.0032063216984586735,-0.0049953296593520553
69.200000000000003,-1.0647097875770046,-0.88004041018101409,-4.8073085432403113,0.011841689272403793,0.0034410632259592997,0.014341165739548179
69.400000000000006,-0.71837080229246053,0.43747151358867337,0.67956821748171958,0.0069607698708531052,0.00095130595875746388,0.0074170226145314003
69.599999999999994,0.84214886516558052,0.33014667927445435,-0.40241674019909252,0.0074020056309571682,0.0065771069271867025,0.01858726124401178
69.799999999999997,0.76793423971534447,-0.49010323098316438,-0.74121070262677469,0.016845152615151814,-0.012523614565109349,-0.00076822597862289017
70,-0.63162907801531154,-0.25140530665418631,0.092998444631957763,-0.0014226261367093569,0.0016225612022322041,0.010411122844849354
70.200000000000003,1.0224226453698244,0.051956530605797704,-0.49004182345396052,0.015994666011008712,0.011078839169819412,0.010975147888709846
70.400000000000006,-0.23122341824168863,0.51654752457432496,-3.5976145756495947,-0.013216978168282767,0.018332486619737465,0.0044976528349186763
70.599999999999994,0.9591848251551498,0.83530418978668608,3.9238061352776814,-0.0027704440244274544,-0.0017039220833849334,0.014159523476160198
70.799999999999997,0.50630701953649104,0.15966904320655861,-1.4372316922744541,-0.0073369808189601583,-0.016741977114943716,0.0040896498978027461
71,-0.7241863508495614,-0.53139760157732974,2.8041295177234993,0.0095262733817756268,-0.01497958101898837,-0.010575408179857568
71.200000000000003,-0.84002652274696277,0.94435000271813041,2.9260824307756983,-0.011616199141460053,-0.0098314883996078219,0.016124089862325258
71.400000000000006,-1.1715854433662636,1.2505591685146777,4.1547405976968577,-0.0087865443228287415,-0.011036379902550535,-0.014523320314454455
71.599999999999994,-0.79453182524098065,-1.7477398881657309,-1.7023846855102363,0.0032615371988802392,-0.02117903018888781,0.0016668708023289121
71.799999999999997,1.0643899305079705,-0.21948996812311269,2.18612600473611,-0.0099543978374393802,0.0084533936347334256,0.0063052882578125335
72,-0.52584619062050231,-0.66641611265465883,0.17566593165620079,0.015706023035818521,-0.0031075211071004225,-0.0029011496056269115
72.200000000000003,1.9659092750879226,-0.15022668132494188,-0.8884734703360615,0.0037266790694750144,-0.0047822705398406469,0.003414318481951745
72.400000000000006,-0.89275357592721338,0.0044463073288957058,-1.0106685850453483,-0.018392772075111089,0.0042305290679985228,-0.010170076047006238
72.599999999999994,-0.49776706473186849,-0.58236511215281961,2.3036594201863778,-0.0037372056486041174,-0.004412174846074055,0.0085165942127093369
72.799999999999997,-1.1616556114829333,0.76461821072502878,-1.6695353329579758,-0.0070310163896094542,-0.0010471003861118897,-0.0025737184508449742
73,0.061435808539784489,0.58942907197759165,1.7326481900137822,0.0095403552301371909,0.00039783687305865395,-0.01261504865842281
73.200000000000003,-0.40056469741198486,-0.63512827278585815,-1.3534782903741183,0.016736611985887686,-0.0050252210652391525,0.0050461521394219973
73.400000000000006,-0.20979461344797831,1.2431380721416798,-1.7471272168958323,-0.0028753787733016957,0.013410736389105168,0.0028724200096071355
73.599999999999994,-0.051493960371995773,0.35481414915635778,-2.423684293517185,0.018738505381269747,-0.0053404440798877576,0.0090785683425469079
73.799999999999997,-0.027704447274165711,-0.12721312203763599,0.93151595764051787,-0.0012880393338776388,-0.0081406404325971328,0.0060333327515396124
74,0.518658191408777,0.9161418510644882,0.6385374669530397,0.0057067151733198778,-0.015620736257470142,-0.013581070793504652
74.200000000000003,-0.26033825882444361,-0.88896530066469082,0.87679745960047917,-0.020865808908429453,0.0055635735604727017,-0.00027178402442118877
74.400000000000006,-0.19084370757943134,1.6861582209662902,-1.6771006004269762,0.010254909025403814,0.0304823082669443,0.016756538414598419
74.599999999999994,0.42503511518214265,-0.47158257628699413,-0.24176210660969782,-0.0094891976560640915,0.0023021954102156253,-0.0037712283075932843
74.799999999999997,1.1459765544706919,-0.47814224995138332,-0.52788528232607401,0.014841536423243807,-0.0097502776924229036,-0.014550224586928133
75,-1.5738244422991805,-0.1713251592493088,3.2884061594430194,-0.0053515087826421391,-0.01201474900461591,0.0083880488563137581
75.200000000000003,1.0499938652090821,-0.10769524630947694,1.4729517396773382,0.0071524527800677111,-0.013730633821755356,-0.0036639969637636493
75.400000000000006,-2.0211627802070606,0.94465968304667769,0.58481649234341782,0.0078499539050138917,-0.0092473909088841844,0.0075977941920802846
75.599999999999994,0.78338414099666165,0.59686498666331145,-1.8382749542546761,0.00154936148548979,0.020589887182449029,-0.0047458698431933214
75.799999999999997,0.25184183657595399,-1.5954160193088449,0.43582020404652244,0.010552887380888901,-0.010739714402742403,-0.0092907730119484513
76,-0.53001634902218686,0.19813072099926238,1.2421191262744815,-0.0031036093607273432,0.0076770229775224678,-0.015236965183815277
76.200000000000003,-0.45387857031931167,1.469642752014408,3.64058146483463,0.0073783948053602168,-0.012654007914496853,0.0093781855494960986
76.400000000000006,-0.592014393668998,0.14620453771578062,-1.849442635966382,-0.0058284344763399019,0.0027136249143183294,-0.0061210636882970586
76.599999999999994,2.3352764715717607,0.59105701323976578,-1.2833862897595001,-0.024386448327099894,0.0064053122513709785,0.0034160189023754836
76.799999999999997,0.23207516676465623,0.25563512066234878,2.4565949494623029,-0.0046600205040879137,-0.0091319350152970925,0.0013330907626483905
77,-0.51889118315179994,-0.89535541354688997,-2.6201154533174971,0.0064594645027774636,-0.014278313170155949,0.020815412573300641
77.200000000000003,-0.35572342596768836,1.3264267303049797,-0.86811746403198087,0.0033650579265109407,-0.0064454322989765155,0.011697993824404482
77.400000000000006,0.40495675376260709,0.091217199390245807,1.3412190152049472,0.0052045809619437637,0.0019090933747562178,0.0030760098112165403
77.599999999999994,0.87903472476709987,0.13083972191323193,-4.1071431676620733,-0.0089954510474620983,0.0014742930443096519,-0.0019219038000442678
77.799999999999997,0.35140281995662537,0.48612222402169775,-0.26717091207320665,0.011935578010450459,-0.0016389994090895213,0.0071014700526516004
78,-0.096252793561682551,0.66027420117076585,-1.2727616822914323,0.0041023139715543307,-0.019558014099138869,0.01977945827011255
78.200000000000003,-0.40364822014286361,0.68563806243661851,-2.4085425309968027,0.00020164658562013638,-0.0032779318853619916,0.0019348339718901829
78.400000000000006,-0.36787330797557677,0.33112804796292439,2.6368135993883444,0.0065033445975649076,0.0054968344393878498,0.0076168559993379306
78.599999999999994,-0.53171186977505336,0.14365422488730256,2.6473765101501145,0.01776660743368938,-0.011989863763481689,0.01124962610443439
78.799999999999997,0.21129336059892517,-0.86162178788591715,0.0095146258994747435,0.0021809637863012218,-0.014541347496840641,-0.0078039762903932726
79,0.88836815933258839,0.29519452337994717,3.1914088144301069,-0.0069250219646546235,0.0035067697804267231,0.00022387396130847713
79.200000000000003,0.53649911322851174,0.36216897720477925,7.089148714909256,-0.0056637483763514723,-0.00116996858696714,-0.011851091057069744
79.400000000000006,-0.71194852583589852,-1.2688054750538864,-1.6559105868764838,-0.017939780862249476,-0.0061951377993100165,0.0091299451650652657
79.599999999999994,-0.70289947532681596,0.59856712446633065,1.4414315933810722,0.0031814100103208028,-0.0073400860569276805,0.013790292302359376
79.799999999999997,-0.72925200085563047,-0.24470671488794768,1.1241572893765999,0.0013544785915610084,0.0069586549426311917,-0.00051026636594025954
80,-1.977470321481674,-0.43189824712105152,0.78769592840780578,-0.00044271425911231735,-0.010976368307536562,0.0085816083789806534
80.200000000000003,-0.00041756634223918943,0.56855824457955295,0.39170982361246148,0.0041294687984294387,0.015960827784117081,-0.0049778848195038746
80.400000000000006,0.12879560960913122,-1.0227557324092078,1.0616837296555715,-0.0016482629200371501,0.012203746930300291,-0.0077177557007338683
80.599999999999994,0.33111153869706167,-0.54578143164010617,2.2155655793413573,0.010678278544271226,0.006352544595129038,0.016633137263269926
80.799999999999997,1.5656429604473483,-0.41371017606594485,-1.7639515067394969,-0.0022229029516092434,0.010064978702517907,0.015192162724513535
81,1.32848518245904,-0.55067093898467179,-1.3723313082624273,-0.0024516587745090431,0.0064429041671226631,0.0037838367080583876
81.200000000000003,-0.040442842081189583,0.88210985072845149,-0.22925180576946902,0.00080395467506075063,0.0077293002324335192,0.0076864250986835077
81.400000000000006,-1.0145386289388953,0.76352524150785306,2.4163127453831152,0.0015569934943243369,0.0023951853884185029,-0.016487539477424221
81.599999999999994,0.9265737751690839,0.263905479992736,0.014060507695968921,0.0037514320620965023,0.0078596618939124913,-0.0077562262171768205
81.799999999999997,-0.5454308517536367,-0.78997348126456912,1.274367708966013,-0.005291670104798714,-0.00092426927117139103,-0.018702996984487762
82,0.39278513102563783,1.5252718741387488,0.16494697801617975,-0.0066828849907365363,-0.011480518175054133,-0.011559496013859995
82.200000000000003,0.69159660823496871,0.53408815348050043,-4.0017133483668452,-0.006163553421447034,0.0012974168400704447,0.0042276400712404653
82.400000000000006,0.081029630746900436,-0.46046277643911743,-0.71490616246199223,0.0054203618737220585,0.013068085927680129,-0.011143108162774647
82.599999999999994,-0.036891550869323136,0.27895983525242152,-2.9813861102986934,-0.026524280943813646,-0.0052135596017996548,0.011067297043073313
82.799999999999997,0.34736676834400643,0.91825853734014928,2.1587018423407613,0.0024667969536863437,-0.0024860110507955238,-0.012239394013731659
83,-0.74109094193022129,0.025326944863282252,1.5890713804515775,0.014819910214232597,-0.00046387650192284471,-0.0011087001631457875
83.200000000000003,-0.084262772129488239,0.57449384351822985,-1.0321444109815472,0.0053608922203765277,0.007811809506246316,-0.0006889170890061109
83.400000000000006,0.67398782695080572,-0.41971179090519106,1.4999233987885126,0.0016891783296679864,0.0019441285559726102,0.016032232247502987
83.599999999999994,1.0273613190830211,0.65598147691679998,2.2345468784103715,0.0099340543567326463,-0.00030902464436903673,2.124709611197673e-05
83.799999999999997,-0.14847637625984395,0.51455882211746484,-1.1433276920340627,0.002116435270265771,0.0046667398076287179,0.0043086050767142739
84,1.0178888235672854,0.46213947437475045,1.8415577521446846,0.01143555551094308,-0.015815535183847131,0.009895564845999523
84.200000000000003,-0.86673697679409778,-0.1860177442153795,-3.7144741571898594,0.018775695056267243,-0.00031916693453062846,-0.0093203966429181856
84.400000000000006,1.866302509701292,0.63869261413827438,-0.083645840348902711,-0.0075585675370390135,-0.0074715786255524991,0.011228805884760142
84.599999999999994,0.42403628900665968,1.5074460078706011,2.8865155317860052,0.0058501274905364484,-0.025783609823892294,-0.0022770578994051162
84.799999999999997,-0.55177888205187331,-0.15085966408583326,2.0156974676407611,0.0042362927159155239,0.0036983278283270454,-0.00048550831912459432
85,-0.66009603538650241,0.89645566747386751,-0.61451375049064805,-0.0076531916246536536,0.0034659353514884662,-0.01158398800662553
85.200000000000003,0.78716645017262721,-0.53266330172420018,0.89222491539712856,0.0045547261808702773,0.0028424381254764405,0.0068755690491281336
85.400000000000006,0.018290376187075699,1.1708178735450927,2.6676393133908332,-0.017428174859941442,0.010353486564422055,0.012861018949573408
85.599999999999994,-0.79978576302340931,0.71203710380109975,0.27633220365670208,0.01724729931831023,0.0012634542205495016,0.01173124792010943
85.799999999999997,0.79871283489022105,-0.62056515381091648,1.2261341802238093,-0.0058083999488394112,0.014896899983772801,0.0038721693759778799
86,-0.23439082109855539,0.74172313527782108,2.0067719683074827,-0.00017102409762649492,-0.0018271336201199947,-0.0075948103599547791
86.200000000000003,-0.60858691735491743,-0.67326603065586765,4.0794957441559783,0.0032394364369831849,0.0062989650670591266,0.01798457960371784
86.400000000000006,-0.57796407344298406,-1.2018271670263156,-0.849384989213682,0.0017319394927786209,0.013662677957016239,0.010522522573806439
86.599999999999994,0.10520946516817235,-1.4969932300122011,-3.4392036704489355,-0.0037125665563085071,-0.01594520628141655,-0.0066271433995404245
86.799999999999997,-1.64033013221294,0.66640619758906183,0.72282166422075778,0.009111050170916922,-7.1752520127799993e-06,0.0012293473419434479
87,-0.86979304054101625,0.82172674267311174,0.2245076180349935,0.011251032219958639,-0.01474982914971238,0.0071498636027480062
87.200000000000003,-1.1046256982492473,2.0939479063937436,3.8545586971393315,-0.0041181915308034431,-0.016228110762295241,0.010346127787799688
87.400000000000006,0.023784772538334505,0.58631754720332452,-0.87755098148531441,0.0016303483766268966,-0.0085169050991018447,-0.002248566959191815
87.599999999999994,1.7075562628260372,0.010991656472564951,1.0977389259368531,0.0040189387821582163,0.0034571485441267946,0.0035856323647537247
87.799999999999997,-0.61769249397626991,-0.050559906237727624,1.5852916852368726,-0.015145064662794486,-0.0036705958902786212,-0.0067236320271220973
88,0.40499324582581481,0.73845341031545297,1.3632827464087793,0.0011602588861574403,0.015960819360919087,-0.01144396608697754
88.200000000000003,0.28975797165019257,-0.80120332366640379,0.11024726611238976,0.010579702107481635,-0.0093064307131897929,0.001675329864736745
88.400000000000006,-0.088955261360055729,-0.09270383422827233,1.6387324570809119,0.010896445757571345,-0.0080910712002495687,0.005318650882139217
88.599999999999994,0.43092706550129128,-0.84697815156650058,1.7190200935125501,0.0054535331009467726,-0.0015641669075472982,0.0058850820007431701
88.799999999999997,1.886011020479154,0.15499732202950986,2.2528261939945118,0.015025088585687024,0.00011891313090103333,-0.003788019687633256
89,-1.8898270874425611,1.1942887070888017,5.2610104521728154,0.0059617604520790643,-0.0020132837660381073,0.01269649089137492
89.200000000000003,-1.4971260048540436,-0.26905515923927764,-2.4562730790750624,0.0076895803574124413,0.0043195004235188975,0.0029462615557838646
89.400000000000006,-0.56061838915906737,0.35748676305873101,0.6316471469140531,0.0066932953057843242,0.0071472701326498467,0.001040024587070686
89.599999999999994,-1.3683017226493193,0.013705387110210238,1.3534135801627527,0.011702982572829574,0.0052709422034659583,0.0057783749229198475
89.799999999999997,-0.35993964098507364,-1.1851998501165946,-4.0394489656091954,0.0058710137648280434,-0.0077458594021856666,-0.0088758285536485737
90,-0.14027094092636469,-0.40080888569755613,-0.87275683414285254,-0.0064407106426792636,-0.016313431344922767,0.0038669544660184822
