0.014999999999999999,-3.4453204630181768,1.1627852911224121,6.0252702387769244,0.54151811763671676,0.37489165251510292,0.49931714759516527,0.56293584293692867
0.215,8.621937659511584,-0.06587327332088122,-0.84474303186315969,0.80406953595323061,0.18495467307931221,-0.33160656509406994,0.4574943018711749
0.41500000000000004,0.175200738470491,1.586326280867254,2.2436601878251619,0.85354048806627159,0.29638543998620298,0.074651844369699794,0.42196138250789939
0.61499999999999999,7.4978213093726156,-3.2778440392399379,0.57629006369939018,0.90774947902081826,0.19811750781126899,-0.11589436040628454,0.35115357560774291
0.81500000000000006,4.2524753669969861,-0.36400247528250784,-0.51318117978788214,0.82333716663467071,0.06328488652539381,-0.21312541770348847,0.52219583443778472
1.0150000000000001,-5.0179107603408539,8.7105316982590306,-17.246948832160605,0.9029082249460777,0.36347293255309404,0.20077231271969048,0.11106143827253506
1.2150000000000001,8.2553590260443812,11.123539816908121,0.11389942578596918,0.70715279115301699,0.60116393210971919,-0.0016759523459069919,0.37220162261684575
1.415,6.8082792217612731,-3.4418490819591829,-18.319006924130537,0.83079843600950698,0.01832210713461839,0.14179007086687268,0.53789760635075523
1.615,-1.3685585136570322,4.570268166400826,3.0557986437551645,0.91977014804146617,0.092001536318798371,0.29756568169577946,0.23877449018621405
1.8149999999999999,4.427197856684943,1.4862109310352842,11.236705149310321,0.66623895200957939,0.6767354890616003,0.024473024738639493,-0.3123392510234283
2.0150000000000001,3.4400859438580103,-3.3633718552531864,-8.8034349518927755,0.62557581451215016,0.30323741522391351,0.28617889441799632,0.65939639875834399
2.2149999999999999,4.2339995115957336,8.8006971056764414,-2.960977781922189,0.40511053495997806,0.50809512620676545,0.35524542676921128,0.67195645986100361
2.415,3.4388911885028515,1.6361575717397518,3.369924651341643,0.80560072156541651,0.3545449480928195,-0.27835912145904679,0.38447569064335901
2.6150000000000002,3.3756749193632354,1.8292489863445138,-3.3082843467344469,0.72967777426530822,0.33311051459193813,0.54128745004834922,0.2522213853575388
2.8149999999999999,-1.3261521264074796,-2.1107059116656606,17.113243287764856,0.8366688457393251,-0.067842581528237689,0.54321989287717487,-0.017169003562248819
3.0150000000000001,-0.66531972008729801,4.401514399276758,9.4939163591025046,0.69213936447104829,0.68506463743806856,0.22056073029340012,-0.05461233316663261
3.2149999999999999,3.1545033377362128,1.6287992466026333,7.4744172227140435,0.46008626561840771,0.65940968551028889,0.29312444822306311,0.51727898922965621
3.415,-10.347508716104699,2.2612981501487144,-8.7792081995866305,0.71388388168454486,0.50583245994421711,-0.22785252000449657,0.4273014802986167
3.6150000000000002,0.47276491091318729,4.7422050141839769,3.5891315051681798,0.6044928098139164,0.3475045035287202,0.54468535069381807,0.46599026990924031
3.8149999999999999,9.2888573028025192,-7.9241803525434182,5.7246650787750104,0.80695031477599244,0.26542112493428632,0.48907241784332878,0.19796713370260441
4.0149999999999997,9.8154767843572692,-4.4541893724163009,-7.1331793455580188,0.85685540246523695,0.28813467553419253,0.13680013499297256,0.40504685048380135
4.2149999999999999,10.962915263106542,-2.5248064542637789,7.825768595256557,0.55635008593069524,0.77458013470913178,0.24952649411358779,0.16803786934579062
4.415,2.2428828357503754,-0.90777406132600802,-6.6240765973249989,0.77881355266368768,0.51819236113401956,-0.0022708777777303568,0.35344160785599932
4.6150000000000002,-1.2568786551694835,8.2986121691515002,-6.6519018189958503,0.61719049893651656,0.36254937580406721,-0.09879390896661025,0.69128402388430188
4.8150000000000004,-3.8040949804991167,2.651611518152952,-13.375560322804944,0.82570517057799109,0.31900566418175685,0.23552024481708542,0.40121885770988758
5.0149999999999997,4.307008358675982,-6.159967409017316,-0.49969929589554907,0.71238763839985331,0.32438198752115327,0.51976676334833194,0.34223192508196182
5.2149999999999999,3.3621972606134873,-3.304774846673717,-8.1663461529140555,0.87096281896173244,-0.2151211998128684,0.31800064715101045,0.30663043845783333
5.415,-5.2996429244029652,1.4130093613525041,5.6705722748521401,0.40549636296111535,0.49994214785451302,0.1794301056456426,0.74393237973079063
5.6150000000000002,-8.1055988190621964,0.56785998334517762,14.814314802235163,0.95978738861828017,0.22786218786703422,0.1639698532067948,0.00093767216713688123
5.8150000000000004,-7.6702964558182076,5.0478128573219028,3.3748004959143327,0.45146860746055761,0.59444512220509038,0.19144144362135745,0.63730782737102065
6.0150000000000006,6.7649751383374968,1.4805576545398371,3.0015845684765745,0.82594718384060606,0.35412904494087077,0.23710307675336345,0.36903387382343023
6.2149999999999999,-0.88434505391002727,-6.945685543964526,-10.299968456792325,0.49690258626127737,0.42379217629959237,0.26777559962190473,0.70836730537288251
6.415,1.5805741892020451,6.8119663291801027,4.4275222566307892,0.81721435492750194,0.49032392290857219,0.017441766831571427,0.30238871257665811
6.6150000000000002,2.3783070968179656,0.99212034579373509,12.71032409909588,0.67219529184716365,0.38172479845608731,0.31308715532147874,0.55173916032385295
6.8150000000000004,-7.1200332010820464,3.4275809552037222,4.0627529276913208,0.91557947839511622,0.080969010665549568,0.30266969735258692,0.25208984977198623
7.0150000000000006,-3.453647702580307,0.87676032005929949,-12.820191265868813,0.84561122898559182,-0.067044608030265018,0.42063083804406759,0.32173959662107265
7.2149999999999999,4.2517644191178077,-2.2083541665802593,5.8361228032635779,0.89969646518835689,0.19555901779282794,0.12985510967564509,0.36802254221529185
7.415,8.6597950955855492,0.68880925543479743,30.593093168427423,0.75640893134621123,0.44559986982789912,0.21018739618072949,0.43024126147524155
7.6150000000000002,-7.7119102725176605,1.9738544021935649,10.637003485051045,0.80776803644686002,-0.0059585588513069165,0.38018366534545056,0.45048382376695639
7.8150000000000004,2.7470607548195742,-9.3699095857953587,-5.655412396212534,0.83373474063044395,0.48502928302158832,-0.14721546548151992,0.21899904931416914
8.0150000000000006,-4.6780472903417367,6.7969281957487304,22.674036269875764,0.77129253874323145,0.35174338850483883,0.24181620909461451,0.47213274546600176
8.2149999999999999,-1.3125920442270225,8.3144435165264756,-10.882202386769865,0.79537236785271292,0.48505935999398453,0.10615915102496747,0.34760674388200974
8.4150000000000009,10.055653864086931,-0.33472821297936084,24.432910246290533,0.82447205220977526,0.17122692477203477,0.2265556109729083,0.48948925472864641
8.6150000000000002,3.9039081672186069,-3.8566858581947185,-3.4214670875699236,0.70897961205552085,0.44435031542946718,0.27629606620635405,0.47282257842263631
8.8149999999999995,3.8383695713420662,-0.19344595867765746,20.790585787990118,0.89661054824735031,0.44150383302473617,-0.027676696085334802,-0.019947197543812013
9.0150000000000006,-2.7328796158675557,-2.1324586444220937,2.0233237659440704,0.58439631990928886,0.38392028768594466,0.049214899358215644,0.71320687578064068
9.2149999999999999,4.0715214513192448,8.6271561808935857,4.9417601869935428,0.51048922922045703,0.24035484423895551,-0.53536998087087706,0.62849763665672442
9.4150000000000009,6.0376354870390871,1.2051575926897196,3.311960535606147,0.69298457481501163,0.21107372410386241,0.084690888536263831,0.68414012852654849
9.6150000000000002,-3.3401868243416413,6.2763792166996222,1.4126976127931776,0.62083677093034129,0.080535690688714426,0.025436473852454788,0.77937711807829735
9.8149999999999995,5.118435765189437,3.8950574198519035,-0.08997367828114422,0.74883809395413536,0.37786057782512189,0.075774003089518926,0.53918567601948797
10.015000000000001,-10.523093300227007,4.9280141959963046,11.445966568228092,0.83214662549432572,0.21010136934798862,0.16042562898223253,0.48749669316023225
10.215,-3.2536196479173332,0.33976756085711246,23.78787327696595,0.62657098582434434,-0.21245914961190354,0.12847175184277285,0.73875903950323685
10.415000000000001,11.559471460109044,4.0015444864444847,14.573155819478,0.48057890087921173,-0.062705782279843733,0.067966147732293272,0.87206221547595664
10.615,-0.77648711710394602,-0.92586646025569164,4.1996717612503387,0.60422727561099587,0.27451031686532584,-0.030973242164786557,0.74739155976771221
10.815,-0.97433789087891731,2.6981282719085864,1.5019349749989195,0.70845082495811806,0.49555112782246452,0.28505649691056018,0.41384695468146826
11.015000000000001,-1.5763795308317046,4.0836472553457295,6.7465776001046347,0.59100655142028913,0.60720906882240733,-0.205907711065029,0.48950017103376242
11.215,-4.3637230005470293,4.9395059698319583,14.73755210730388,0.80437883970241386,0.48170335490761457,0.02101702063789275,0.34712367385883336
11.415000000000001,-0.56012455324422294,-3.4327862039137536,18.368760237811927,0.75345181587372501,0.36552479220561179,-0.25114971467840758,0.48541302851961576
11.615,5.3424834304771638,-3.0275083920895867,-1.8010634233846479,0.87362339164286473,0.34383627902555541,-0.32664685754879469,0.10890644266422185
11.815,2.7731704928383212,3.8094438643078341,-6.4948804817807613,0.90058537752443191,-0.14519182802324473,0.37512102530529684,0.16477113593814779
12.015000000000001,-7.3281426314331295,-5.1465919748028135,-2.8614549556780213,0.36961997096327648,0.69998551643011642,-0.14630415850102543,-0.59329288471923958
12.215,10.882045670242523,-2.0411907667834628,-1.9466901821755318,0.91016402120062634,0.39581324932818451,0.040330654333770345,-0.11535494999860203
12.415000000000001,0.4468418606371416,1.9060842651264982,4.5996873245269212,0.73157890246451718,0.48937299166673426,-0.16777132942762521,0.4440260865287648
12.615,5.1532956822668403,-8.1315661647597821,8.578389784930966,0.52586355633920845,0.60506815049780049,0.37070493685897049,0.46897537585233406
12.815,5.131148729134118,1.4462968904348203,-27.431100519541793,0.83482258585077984,0.34136776737565866,0.128751937032375,0.41226476475777868
13.015000000000001,12.648251510540693,6.4013683582019523,-1.1640888565857925,0.90290639534183148,0.39704224183349757,0.10978251638569071,0.12274077784777351
13.215,-2.7858377408352037,9.1714871064560324,-11.254420122786247,0.96549717134684654,0.092612964829892924,0.24332524200651962,0.0055567498705438659
13.415000000000001,2.9212858932118682,-4.9095267472346125,0.15105669959130896,0.6685162581467099,0.55905807675132868,0.20067825071986622,0.44751348482547598
13.615,7.2835624890946384,-1.8341171968051608,3.8879299902213331,0.74459661869170624,0.2922635430025376,0.38098677758665878,0.4636884429966045
13.815,10.439415583433519,0.64608822617023021,4.7585600378303186,0.56528830380457384,0.30331483268492976,0.57621546858911865,0.50638422133167171
14.015000000000001,1.1013735488547107,-2.6834792086352328,10.665727050696168,0.48052087256820586,0.58327714913098361,0.64681255830849138,0.10257179311266293
14.215,2.9399838728724026,-1.5423550742291134,-17.90470835819832,0.30035129019274875,0.74179368617614327,0.58941435834859568,0.11009969936958959
14.415000000000001,3.0918252498433083,-3.1892440959675725,4.536894000051551,0.52871536156147325,-0.016094919863043618,0.80114859124862781,0.27993205379852754
14.615,4.6147015712626747,1.9240202912303241,22.523580584859495,0.73842290989195092,0.36200748338740191,0.5638295666249642,0.076015839913328498
14.815,-1.1725575390574874,3.6595071653376596,3.8988688113790397,0.72555909887699566,0.41217991300494938,-0.36635118676214451,0.41165339948797075
15.015000000000001,13.192444190929553,0.18602268557401669,12.774158535722119,0.82471000435332564,-0.20272792081875662,-0.093810123271734158,0.51957141916370231
15.215,-3.833516919964,-11.174126308663162,9.4293748145397274,0.40246866437407808,0.23748636545871354,0.43336552915247301,0.77059296555351009
15.415000000000001,1.7831276397042093,-1.414814384281484,12.507763650639371,0.78405566470979138,-0.30271632867820253,0.051012908913043664,0.53946012096568108
15.615,6.6737150095048881,-5.1085741358545063,21.16052580160629,0.76104826308626961,0.43095831278512792,-0.47419390209983181,0.10109706774235772
15.815,6.775206166585944,1.0239213056032401,12.335431357074977,0.91747544371919609,-0.30686231815957138,-0.20040152222741028,0.15464009103377682
16.015000000000001,1.179134665132008,4.4300467308758833,16.2027391682185,0.71631258894678218,0.2285263627629571,0.062299635198027822,0.65634650291814944
16.215,2.5248695313718414,-4.3702548435021296,1.8529958757506506,0.69172815999204629,0.41015540216821855,0.16968953425233824,0.56964037840682391
16.414999999999999,1.7592293348192896,-4.5651128663955989,4.9074593950397309,0.8943301751759003,-0.31847377833611989,0.14084283647873458,0.28091152645412021
16.615000000000002,10.045573861871331,6.111724331968758,8.197053108840759,0.69365063994734588,0.34109525236453714,0.062637810126019128,0.63133138941258649
16.815000000000001,11.730282285989425,0.93805824701102769,8.0142732194418702,0.56717625979790143,0.033939975039763176,0.0048805277614120401,0.82288234205427802
17.015000000000001,-1.5351624290381753,0.51581345857825056,18.777064719413065,0.64627025332500121,0.49615474215469307,0.2850392323680504,0.50489391709118592
17.215,4.1248338805867704,-7.0319739907325101,-12.841416367096135,0.64873921417385094,0.55024179626134162,0.014556430283953366,0.52550880865840388
17.414999999999999,4.2792273868886426,0.8540407716192655,1.36820119608415,0.8027679910820249,0.52888949103137839,-0.13731105455987011,0.23871559032948741
17.615000000000002,13.745600894629209,0.96916232259793322,12.156308071464988,0.83436293164479092,0.35057468428359539,-0.21488013421321159,0.36710000947572802
17.815000000000001,3.8105339316402862,1.6890849312314928,5.0496075482784519,0.48140364437517047,0.70898509276108335,0.40977258469469702,-0.31253335543184807
18.015000000000001,0.44987982788776382,-4.8015617674878852,5.2646915397803884,0.86931332615607682,-0.026014747701654475,0.080408479253628207,0.486982597567507
18.215,7.9501269724239396,-9.66906197586645,-8.3002435059195818,0.56649154802023294,0.20038572452926387,0.31472653044877341,0.73476533564002555
18.414999999999999,2.6084306465567781,-0.24991852435661421,-3.1634210622008769,0.38973831663173009,-0.087675654075293943,-0.14520837913533644,0.90516934927140724
18.615000000000002,11.698474013100679,1.7898033208713602,0.67796179914123966,0.85067081530016675,0.31614935229562691,0.37517461824492371,0.18881937629486287
18.815000000000001,12.533720646204911,0.46883399260652558,-5.0830836329208209,0.61302578314788525,0.31960928558551266,0.50455291037787398,0.51718048531693184
19.015000000000001,10.869269072200421,2.3643116810842795,0.67518169473901501,0.65054414870622668,-0.065874745508371274,0.14723754167989575,0.74214145202135096
19.215,5.3185454555219245,4.5820809572319465,-11.194214753379992,0.92812016897390204,-0.032520898137162656,0.34183837899941277,0.14381191108966471
19.414999999999999,-1.2803965322093287,6.4865853654518482,9.5155668627140635,0.92048242550801285,-0.2654794830993113,0.09162151356733457,0.27173193893217379
19.615000000000002,3.4808193846789717,-0.50156694649114475,-20.025897927238397,0.90266670991818843,0.26567221253085044,0.3204343966248156,-0.1092377396055319
19.815000000000001,13.739240755942522,6.9895337289313195,4.316997842387531,0.90030632164051261,0.38696317410941766,-0.17199968958577122,-0.1006187650475434
20.015000000000001,-2.9358011419099599,-1.7443740420861391,6.7858057703452772,0.68297375377292247,0.37219890065113626,-0.12331249704376263,0.61628634422988882
20.215,10.011732063459329,-0.045253101837131604,-0.76150179580509381,0.82364767403947559,-0.015902659682079323,0.16561943553464659,0.54214556812500359
20.414999999999999,6.723156477852692,-5.4544164039001748,-7.9486221679254996,0.66284683970461733,0.4619483536415665,0.25574430446856056,0.53087911655417364
20.615000000000002,9.6231994462299859,-1.0419802186253717,-7.8087300696670638,0.46614790237906278,0.19356396233326187,-0.41985267171444218,0.75429626782033887
20.815000000000001,8.2834747314434054,-7.5100340003352679,7.8483359746089896,0.65207497272998705,0.66148260110404111,-0.090023112980927772,0.35935336022506037
21.015000000000001,5.5520430668058509,4.7835450342637769,3.0145843072114777,0.47951274430244961,0.67293144326572429,0.14986424148059893,0.54292864157390663
21.215,10.739694862319912,4.3307840018869879,5.9255733151079859,0.57972632845973515,0.68722144614939396,0.38698444117207426,0.2046634074124353
21.414999999999999,2.9966771258385809,-2.8041277312672763,-18.186179945396702,0.80582618425939301,0.22689299300915167,0.14953478776764098,0.52612078245644522
21.615000000000002,9.0498798455813052,-0.98987465868243074,18.816689406618963,0.69764979346802458,0.62370066707542338,0.16875244788021371,0.30952359344342462
21.815000000000001,-0.7464958880288366,-3.2392894189707286,16.504698380493238,0.70971793230961933,0.47967092325950106,-0.2181859122612459,0.46755873388085084
22.015000000000001,13.985201806243964,-0.10864993910460807,-8.4396656321818782,0.67825804009232094,0.53464950723590365,0.42910130993293577,0.26455245467840138
22.215,14.756567279766674,-1.3650649725690243,-3.821266494854771,0.40221597570059603,0.59251122774514664,0.3268588917985995,0.61669767207226256
22.414999999999999,2.7291835380759624,-7.1239140182738581,-9.4417808911457559,0.61589289796841717,-0.35741402539065348,0.67045870208031422,0.2083657397243957
22.615000000000002,5.975075424572295,5.6898799322919631,-7.0899984098995112,0.6111586762695207,0.19667676542401583,0.72461733046772914,0.25046565981917684
22.815000000000001,12.219144132641755,-0.5352805863671859,3.0008633486456522,0.91309301135301801,-0.0026707635206221769,0.072577900196430706,0.40123119026762016
23.015000000000001,5.9662466997465211,0.72501325487621004,5.2662646729314471,0.94325347468160958,-0.11784195387975648,0.30914398689829259,0.028568370123264918
23.215,14.675758868522212,-4.532430591876289,7.11235087637872,0.98098274494471005,-0.006295439116906415,-0.17350708869586953,0.086766996832613949
23.414999999999999,7.6219550921799009,-0.37324696693925508,4.8583941510332282,0.80639261092054915,0.087025500748767845,-0.11046867684918169,0.57441639139857181
23.615000000000002,14.524328213703557,-2.1447460719647053,8.1210156491954795,0.98365877648505429,-0.13830504114975262,-0.027901368015977757,0.11184203458149355
23.815000000000001,7.6458111365561194,5.8667596404586639,1.8712279991901812,0.97267392437180733,-0.17031464520499318,0.13506150768877961,-0.081588893954256114
24.015000000000001,11.106221765899452,3.9464825372359988,6.5122469940951326,0.86255057698499149,0.3098800173461182,0.099744536071409137,0.38733952098427449
24.215,16.446000466587783,1.6036982163492761,-3.5345656065556095,0.77185981237259194,0.48960881719232985,0.31168979582997286,0.25954789027681352
24.414999999999999,12.367381076116438,-4.3184434330378343,-5.5189439836687599,0.71288816484287831,0.41132219848893709,0.51314947391745425,0.24347922062348695
24.615000000000002,7.8938115660839818,2.3682611428170688,-9.8789348137153734,0.83602479228697058,-0.011703979209497948,0.37849553278110859,0.3970726573524499
24.815000000000001,11.680222729661052,-9.1561362184141117,4.1264450609942198,0.76169956604790579,0.53184052967463213,0.24147118168178774,0.28044801745606956
25.015000000000001,13.574371447404328,-7.2169218841614615,0.64524778117612303,0.2416287271230288,0.37347968633981904,0.69784421681345321,0.56137503612151596
25.215,10.516304470382266,-4.7710517782811124,-7.0233172263992367,0.77209658694297179,0.54712411366986746,0.13964280877895743,0.29158523732915465
25.414999999999999,7.6209755664729286,-0.39837288748258981,12.245848421513768,0.88468381523836626,-0.23562837531041297,0.25294064675932809,0.31278562150590644
25.615000000000002,14.495970492031795,-0.48538260224766039,8.9931268432397289,0.89249585429199296,0.16788583141865174,0.13413227509681847,0.39657789960841888
25.815000000000001,4.7875495727922095,0.76083685417364078,-3.599059141824223,0.80415889795786755,-0.43404203674645336,-0.31627961549272071,-0.25476102919393873
26.015000000000001,15.162835642276409,-0.89641997951099206,-0.97972233243547624,0.97362752529464713,0.0019579610399675512,0.13242701243371871,0.1857651602294336
26.215,8.5758194102749812,3.1092406805697892,-4.1636539433157953,0.71679271630184593,0.55099007507458386,-0.4147119956695221,-0.10311207336547974
26.414999999999999,5.9893335475699496,-7.2542318031659372,-6.009046232028898,0.91459110754546358,0.28970517353480807,0.082508491128406997,0.26978948704062322
26.615000000000002,10.967776780256701,-7.969314858949895,11.722826236087721,0.66747734635114131,0.72395764829237486,-0.11810391994496122,-0.12810456541687743
26.815000000000001,17.648550474887237,-0.3522227750079347,-17.02048994193855,0.91923218530441231,0.22693282542696402,-0.29519577562306698,-0.12795755662916319
27.015000000000001,-0.8621697188777242,-4.9678375155487284,8.3618313323966511,0.94661960799380285,0.276003233323457,0.15587143590543517,0.058631292203345814
27.215,18.203472699101091,2.8586271026563503,-9.6770326808527543,0.97139219201878513,-0.015022130905258824,0.21126669354040739,-0.10741475256457411
27.414999999999999,10.284642427737076,-4.3289699808785924,3.7304748781148129,0.51406046515626314,0.57847340192848129,0.23648472811075494,-0.58752475249558489
27.615000000000002,7.8521844665525808,-3.6477492806361367,-4.2134096278482325,0.9708728962878812,0.098814885158581695,0.068661090447538417,0.20718854307908088
27.815000000000001,11.352076787118831,6.3341685979059843,3.0052451997939964,0.96852171508860918,-0.22488075057520213,0.084266202567919252,0.065525128976103533
28.015000000000001,8.1044653272418774,3.8807700910462031,19.079926698299875,0.89597527159428958,0.056095002086508236,-0.411383518974764,-0.15762380451059357
28.215,15.448473494688596,5.9005111667094585,18.314439479933089,0.80178102514216198,-0.41893520570135245,-0.24329445851716336,0.34992611734591839
28.414999999999999,7.3444907422974994,4.1765851181438816,2.4361852618856625,0.93454268225362735,0.27578903877016747,-0.0053624899730898637,0.22481464552317618
28.615000000000002,19.417535536851496,-5.2589895440348711,17.627489713037065,0.923107082740523,-0.012731059877179637,-0.37554029414950468,0.081735679961621219
28.815000000000001,1.7478940246964445,1.0834307427976158,1.6817363525290543,0.90524556437257808,0.2299887411015222,0.27826744720031005,0.22405998076169698
29.015000000000001,7.1784108246016487,-2.1465745285600755,-7.051995334567831,0.41754234215424424,0.36789616640131201,0.11065299914516663,0.82344806577934571
29.215,14.004195353382823,8.1862148020021337,-3.8488363855359973,0.52118104167165624,0.16023820909747272,0.61846655774722703,0.56585612579133382
29.414999999999999,11.640905670254771,-3.0031485240369875,2.568893715935983,0.41612892204612312,0.66703590194603057,-0.16753556255010779,0.59483750809174429
29.615000000000002,14.849602862154676,7.8510837741482256,8.2731229413112519,0.68483057668308822,0.58522492155065498,0.29297352599765386,0.32044560458904842
29.815000000000001,7.9296305227245094,-3.92689375366882,1.8532534928197917,0.70433232118510225,0.61535108461677268,0.29713232964451386,0.19227949104101399
30.015000000000001,0.95723322948338119,1.2655924643431089,5.1990720222610101,0.57201648936599847,0.5979094207453759,-0.47660779870683334,0.29689470640136739
30.215,12.359014437553208,8.5338936862680868,9.4578895191629098,0.2458123841683309,0.73964483579431273,0.60693123856909026,-0.15535848969810206
30.414999999999999,13.33946550906229,-4.305372594628107,-0.70798281490907478,0.7823353481689922,0.24715045651527204,-0.029529860994953638,0.57096063100638839
30.615000000000002,5.7577174302666485,-2.0457747967749951,-5.4560555824139936,0.74847534386682579,0.46669781467914784,0.0047385707187753484,0.47112138069152382
30.815000000000001,7.7289775708953909,-0.20728364189713866,0.63838606305461632,0.77548682767310706,-0.58560755212665871,-0.020712690296545794,0.23506373488567517
31.015000000000001,10.973340020360201,-3.4306523459424465,-3.5131425895993034,0.72890408126830875,-0.068451051876672095,0.21025055163357123,-0.64792592118633363
31.215,8.9334132415919285,0.017639103542676615,14.576197856174135,0.72053514993502732,-0.40932179665488988,0.45195768402706782,-0.33018027854523646
31.414999999999999,1.9275613290068927,0.54295115655726256,-7.3790110217389611,0.84718379011196965,-0.17971897786884805,-0.3426120655089504,0.3641396536124365
31.615000000000002,1.9497508755019952,0.14698372099142398,15.712610983958394,0.96932675463083018,0.0046202197210834656,0.18728062448806077,-0.15909199859814846
31.815000000000001,13.157583903561157,8.9539437999341196,-0.86324322352655747,0.83259390685137591,0.40206898117276368,0.28759502196615766,0.24983399286915214
32.015000000000001,9.1142758635473182,5.6160243400451666,7.7559847301640223,0.66158052365837539,0.23389417455475364,0.52541673561939706,0.4811880918687792
32.215000000000003,3.2300068799145194,0.45066386180591955,9.9950228262694623,0.72481085435505488,0.51082210601836975,0.14954113064227756,0.43743279673371799
32.414999999999999,3.0408751248346793,6.8922004731030055,-0.1304874349956946,0.59075097885011185,0.63101882610740667,0.08407702032387375,0.49574144141792709
32.615000000000002,9.2989551038872253,-3.1318740638220106,11.313530523291591,0.86106840284890884,0.15081171094172821,0.48143302130897886,0.063555325908739788
32.814999999999998,11.211634853444938,5.7105704808233728,-3.9725531864306109,0.69558081981144726,0.2685682299857754,0.059963668707901631,0.66365863769548861
33.015000000000001,-0.47512622544996574,8.6822121594669852,1.2288291850285491,0.61790686541389983,0.68087824812220188,0.25846918937894803,0.2962930897780095
33.215000000000003,3.6741226830765625,1.7549199990559432,5.0666690714650446,0.78667951987280016,0.55619774007990874,-0.17184841583778082,0.20554203686046318
33.414999999999999,11.911576299717051,3.8157277530818678,20.646620391385561,0.94746799353807587,0.07264697287468326,-0.041010733400085576,0.30877975694508342
33.615000000000002,3.2761166760428582,1.8857674997032734,-2.6061384771933573,0.89006077651553683,0.20693445747761322,0.40600563216753127,0.011374140198221278
33.814999999999998,0.84693934955018513,-3.4426459581298712,12.346725398056231,0.82539106449526589,0.36025372240511566,0.25161889476801358,0.35444996535527129
34.015000000000001,5.1820422570114602,7.5493724960133948,7.0778021621408573,0.6612868835786927,0.20322536887922613,-0.58416890994991932,0.42443585109955795
34.215000000000003,5.3983792808587676,0.59244079648362713,-3.0156946274701371,0.86431846688942149,0.071104918085811791,0.2675862143089438,0.41987533427165968
34.414999999999999,15.608963850075781,-3.8912282089573296,-1.5453934636955049,0.52452504546323564,0.14093640057898316,0.54121362220607849,0.64194876961655367
34.615000000000002,3.5044925742991957,10.445547881837644,5.3825105138308178,0.94208977600090638,0.29023430571224063,0.12998786049594044,-0.10646153232968138
34.814999999999998,6.6289863996015308,-7.4404642279649611,9.3947992575128403,0.61179029141317587,0.409751060658057,0.67182609759278211,-0.080413942916835957
35.015000000000001,6.100249042214152,-3.0811945307700079,12.366371072220645,0.70436898539609505,0.58458709060806346,0.23516776246485258,0.32683082688716847
35.215000000000003,5.5591727785301046,-0.50979988046310609,8.2867104015434858,0.83308683948569362,-0.13663833781288265,0.088246867846287186,0.52868589240757202
35.414999999999999,7.6965166525254141,5.2910531008492683,4.2490630386766401,0.78188725147309424,0.30894186046824318,0.18697250805533258,0.50818159555986442
35.615000000000002,-0.47077601933796753,3.0860933035361775,10.454355164164934,0.30184730456028391,0.33242782593259934,0.21982168771007496,0.86605910357648852
35.814999999999998,2.5624830239111613,-3.0330603361369639,8.9760005092161954,0.74249934302015719,0.38232432781531051,0.19962405708458414,0.5125164093063721
36.015000000000001,5.8623441638397953,0.64882130672975546,6.0966040978807001,0.40408094137170442,0.36128699283245069,0.067710986386192606,0.83761896107529166
36.215000000000003,0.63101560970951676,7.3070687282839968,-16.496977359693744,0.48550077628473531,0.44434444067281387,0.59248752480965239,0.46454875655308253
36.414999999999999,-2.4163209693486798,12.031414021304506,-4.8568525569856797,0.28800149386297513,-0.024091248968398205,0.74240558776524268,0.60440772208070093
36.615000000000002,-1.1793572606138332,6.4443288710701907,-4.6687600456579341,0.66334974805496139,0.53806326213086109,-0.085881129069808063,0.51291273075466814
36.814999999999998,-1.6681651825354704,5.4502429077221732,3.2125918299701919,0.26724356782791653,-0.011965022968415503,0.41607040743347939,0.86909328022837073
37.015000000000001,-2.8938647488048947,0.15917398506307334,30.954307219047543,0.75759722985393629,0.13275857517450002,0.45947673436497938,0.4441877177642049
37.215000000000003,-2.4123771657076434,1.9013255537175398,-13.635314727334222,0.32813589219733419,-0.072279681282630209,0.45512832551722238,0.82459729034082463
37.414999999999999,4.234446652889611,5.4510929119327729,17.865883055985087,0.5617826786472081,-0.032980896610168703,-0.15725151636945711,0.81153215773021803
37.615000000000002,5.1363247720509984,2.2878594511356494,-14.455053764320031,0.41905922809784346,0.066236421313337374,-0.19001637969575777,0.88537894445540066
37.814999999999998,5.2895151788751038,3.1309103506466407,-2.0662795247598953,0.236451077030706,-0.13738684220899763,0.22467997091309677,0.93527250276555707
38.015000000000001,-7.0168473518881944,3.5896045530074447,1.9454880208882739,0.33222311790675929,-0.47419512275692932,0.15158200888895981,0.80111776915946609
38.215000000000003,0.10663367722591022,4.6689699279130448,16.863141158197696,0.5900176087876966,0.33485132985919036,0.57428554722236402,0.45820292280112129
38.414999999999999,5.1867130136177426,0.78902904622618708,8.7112069307604951,0.82198155873722312,0.26724542465993206,0.27083082578570994,0.42376510462576811
38.615000000000002,-6.4955539319178968,5.3820714578237503,25.670400542769961,0.6478227579832968,0.57648667974459433,0.12732405902411845,0.48143261865975728
38.814999999999998,1.891338757872238,-0.074805711206758829,13.524478173225557,0.55193162455062816,0.48745704493140346,-0.64441856357464178,0.20611119835672112
39.015000000000001,2.7038529381339398,-5.687127893033054,16.809460143405321,0.67528176285027308,0.44057331580494735,0.28617751435690048,0.51767955767923446
39.215000000000003,5.7888525220730642,1.5432635270248505,1.192725779089967,0.85643963790579103,0.34383000052577856,0.30220142093455099,0.23867630495585207
39.414999999999999,-0.60218634746617372,2.08184767493346,14.818039573420544,0.62074218545884596,0.12503442606567475,-0.16156925727779517,0.75692860072328116
39.615000000000002,-3.4379144694261936,7.8261563081208427,-21.937565537516409,0.33276216769127942,0.25563372735526529,0.49540141584237773,0.76059067465570607
39.814999999999998,-2.3585905564808707,4.3090565627355719,5.504360465870616,0.60743828493919816,-0.073907580681083121,0.24016998037641668,0.75357466785580451
40.015000000000001,-2.094820602335016,2.0077830815177862,-10.249921178124996,0.2425059393817324,0.058384137234912509,0.50724194201713735,0.82491682862128679
40.215000000000003,2.7193016971213213,-3.6405410361464474,5.5055702899684116,0.64668566401520167,0.20443759259902866,0.2280174415790186,0.69857781887581438
40.414999999999999,-2.2728696497550742,0.83081715319458249,-2.5587095080855096,0.75505565738209013,0.094707550080969122,0.02637523945006319,0.64824824022662209
40.615000000000002,2.4945866556055045,7.5193630198194246,15.653246162360542,0.78859766218018057,-0.025594897432997036,0.48052930712160352,0.38281877360779987
40.814999999999998,9.0504519256963238,-2.1918039788715302,7.6310289883226856,0.70728138340683311,0.17219853069060923,0.54566330350244008,0.4151533089413062
41.015000000000001,-2.7108810856412546,1.3445284213995625,-10.855572994368975,0.56325575842653997,0.59361403044663907,0.46044258892756013,0.34403191095874514
41.215000000000003,0.11229715870978996,-7.2271273439263153,-2.1145506638892737,0.95675224818937288,0.040422555863292298,-0.26644791772450682,0.10952926413673272
41.414999999999999,0.8206428264075375,-1.1492308701895246,28.975866684355363,0.7480026460996394,0.40844423788141493,-0.207244692997538,-0.48032799542996046
41.615000000000002,-0.77832233680662366,4.1715588759839184,-2.999917925442305,0.81810117972956076,0.48762087608015392,-0.21846346225543672,-0.21262656606193697
41.814999999999998,-1.9016239749226604,-12.269909657251819,-13.885499574938954,0.68498234791412238,0.04868230944642632,0.087053602225356477,-0.72169999732063739
42.015000000000001,3.6025970715285323,-6.8733381416881079,-1.0211483342998626,0.74743428334103545,0.42574730815767231,-0.14041460102556999,-0.49027029432936164
42.215000000000003,-0.82792355830066755,-2.5024633185868987,12.330174137711227,0.93812325191351065,0.16127333180391371,-0.18785144445214924,-0.24213118651946888
42.414999999999999,0.72567213672617314,0.7974886406950652,8.2075342314993378,0.88173129741408784,0.39567009133289466,0.13026513235630793,-0.22141836707301848
42.615000000000002,0.31811814649176329,9.7139576330829609,3.2312671114040095,0.64197904537158279,0.518921373827956,0.34682225178978132,0.44530645487322951
42.814999999999998,-4.951556832677082,1.532661767110276,-0.096004409609859565,0.63933400895534775,0.54520521688058365,-0.051417569193301843,0.53977729672294572
43.015000000000001,1.842138003283182,9.0438983868897065,1.5698121379733641,0.41536013946886724,0.64939282053380287,0.051772830041531499,0.63488935512343103
43.215000000000003,0.66496251718872568,3.8042109879492774,10.43797517829757,0.80767051679189117,0.10363421079479032,0.31666430191618289,0.48646891632456546
43.414999999999999,2.7073623631615811,6.3401969679965466,9.1344979218465951,0.60777577973461472,0.086673048607605316,0.39127050967020971,0.68556821139508739
43.615000000000002,-8.877743640527795,6.1621452657457496,7.154981102537894,0.53474985129672181,0.84247051995594957,0.0018715221872605825,-0.065440942444225811
43.814999999999998,9.6355772764981449,-7.6958723131693878,-6.1888746907173795,0.42255089104318044,0.79703939713360294,0.17197238835047021,-0.39573279058040184
44.015000000000001,4.4872275005216604,-15.549517121874644,6.292125806824135,0.59068412391153136,0.6522104389997524,0.016916383830950687,-0.47479221242213004
44.215000000000003,5.3772065159985463,0.94636709073094649,-1.3741963998210838,0.75001559294741837,0.27786723196980406,-0.080841050177714022,-0.594753004481134
44.414999999999999,-3.368380084957816,-4.137098714402752,15.04345223435984,0.81929636450563958,0.19063344937474694,0.3753831254707154,-0.38922983467247896
44.615000000000002,4.3000822076522969,6.6152033818641822,-10.51748729113549,0.93010380793955072,0.3123571737718735,0.19033581481407666,-0.033349363542002082
44.814999999999998,11.174877702443402,4.7763736521310589,11.848616161790609,0.72087865720282018,0.39733931322442528,0.12132711264245689,0.55473882457751744
45.015000000000001,-0.1710578693708702,11.618421377824838,-10.92027292551545,0.41055330031127801,0.028281348689422791,0.067635358173684004,0.90888481736936411
45.214999999999996,4.4709642928617424,3.2953752082954493,-25.558260858602029,0.39272733320806341,-0.41652386035728767,0.41009578724549151,0.70999616955857314
45.414999999999999,-13.582608749186454,8.8358195194068792,-9.2124258239634464,0.29072186260897015,0.21766821153912663,-0.36483129013447041,0.8573211055522586
45.615000000000002,-5.614260189420536,3.1548610224619362,-2.6667869968310214,0.080072760005654817,0.22273830548954066,0.52488645455815885,0.81760027531434365
45.814999999999998,0.50100215908990198,-4.0786213255259494,3.1397491982779,0.3925052048778655,-0.18654244611520668,0.66654396442096198,0.60569028672674574
46.015000000000001,-6.2767836739353484,-4.5655731693541064,4.9200247678461437,0.19440512636329899,0.16848976828400153,0.31102019583536911,0.91492310201994675
46.214999999999996,-3.64956840590109,-0.31461123166487592,6.3099456670419176,0.74987835325138319,0.056165714694141666,0.59898437389213943,0.27521916294279353
46.414999999999999,0.62633951429580226,0.95116957540723579,8.9321628310479202,0.56761937852293376,0.42249618940242489,0.36953310912743687,0.60228771556813177
46.615000000000002,0.2756054543805011,4.1594796342797995,-11.522252342874193,0.23198166180954,0.11772899104945853,0.60936969382259387,0.74899463916714315
46.814999999999998,-3.4124289389067597,-1.2769135366291597,-5.0065815568013257,0.47892162941127264,0.31051677184646859,0.23322018198361102,0.7872875929415063
47.015000000000001,-0.078900328784400786,7.0773448835288999,-1.5425552532639459,0.50592633034811041,0.62677868908542567,0.54537855518550082,0.23183885505373242
47.214999999999996,0.56463184291316537,-1.4839632586262621,12.35001970301556,0.57136842157617262,0.15723061504759847,0.31302646726622457,0.74217995884295773
47.414999999999999,2.2004317509194191,-1.6607789810377591,12.118563899190532,0.67266032928660291,0.61265667454354189,0.41469527329797906,0.014412176990372966
47.615000000000002,6.5560107678622197,0.47789041793079168,30.196522155482075,0.96382096667142114,0.26283524132427255,-0.020780738062070588,0.039178323702966172
47.814999999999998,10.631377863747616,1.6007491340135935,6.2188914591646842,0.74380572694781355,-0.020989382838221018,0.32148895542381312,-0.58562559533221448
48.015000000000001,12.162117119904375,-11.883361765004928,-4.8256723773330439,0.50221771758715072,0.20295223181928301,-0.13083140836073837,-0.83034384343323142
48.214999999999996,-1.9065754534851076,-6.914206855988728,-5.0805437578054393,0.95777774636595936,-0.036991147069343443,-0.17377319387756054,-0.22604495281742096
48.414999999999999,11.183919678117956,1.7286646702719146,11.045780133863778,0.89468455674923619,-0.21239828726817661,0.29744529007021925,0.25681279348001951
48.615000000000002,7.0625807695273739,6.3910317817054869,6.4123474709818442,0.70155393331683924,0.50620115824025258,-0.082468664607796477,0.49475386345303601
48.814999999999998,-5.7177766578819087,-4.5001674967568102,2.5157269518195897,0.21083896913273778,0.18540588869210797,0.69106837757505557,0.66603009169940253
49.015000000000001,-2.4403762375570626,4.3880179583099439,15.601309656288183,-0.28646141692988608,0.27631906519204597,0.61337941042073063,0.68216810955499296
49.214999999999996,-1.3296774017230675,8.9675469295352279,-5.7069678878649688,0.0086064119581582589,-0.30851184088286848,0.47522272930085241,0.82395978740720033
49.414999999999999,-15.65380830344326,1.1860603301885326,11.95279410480925,-0.047681704097671744,-0.23032899404379178,0.68564713772006292,0.68888534033858073
49.615000000000002,-0.72227450842852292,6.0514638327029182,5.3013279192374654,0.2138206332551294,0.27671292316314744,0.15417905465983744,0.92408847739438915
49.814999999999998,-2.8515948040358552,8.8904729322070377,3.1595960112899157,0.28313824372717483,0.089872060411782917,0.81314341514872912,0.50055322803543423
50.015000000000001,4.8510161605053748,5.9354589666228499,-25.024066138366269,0.67893740203627462,0.084581739962235614,0.3902948615219064,0.61608429167670786
50.214999999999996,2.132584177033169,1.5161011469637593,7.7854541760132037,0.75113174209738409,0.17686958828257815,0.15278602808909975,0.61739345993884409
50.414999999999999,-0.24585449040103846,3.1143941252030967,18.667136857389991,0.56325508981420735,0.70964408029004655,-0.17159559702923607,0.38691592651099682
50.615000000000002,-4.0982348506844621,12.727198872706936,5.7914648650942686,0.93541479798313631,0.0081811197454458046,0.045649163984681412,-0.35049733069080385
50.814999999999998,-3.5928426148265125,-6.8960042991261767,-14.882913949674803,0.90129935133139927,0.21443751607285733,-0.011126072992947898,-0.37623429068847214
51.015000000000001,2.9513195119763296,3.8973545940506269,-4.7188405865925809,0.69248669593167123,0.010084745164803453,-0.70303350736360115,-0.16156844183389116
51.214999999999996,3.6802381809202922,-12.14792004820004,18.22960504423753,0.86281685002812336,0.44917958308076028,0.13541107084555909,0.18827805858198227
51.414999999999999,5.6331102568809284,-1.0866931946137257,-3.4723347307740386,0.80399737091837775,0.53338844925852913,0.18432729945798751,0.18737245376106737
51.615000000000002,-0.48051621488228768,-1.3000464737246487,0.52412136610839866,0.79516738723139402,0.32962605555070973,-0.11193354100430222,0.4965142215323915
51.814999999999998,7.3990485046282997,-3.1026272940530903,3.0101942870304561,0.60897271325504965,0.14482390660274624,0.52005240584466006,0.58114005692456205
52.015000000000001,-8.8720409021351241,7.5525117754117712,4.6010397778123533,0.40702539636872809,0.56661350385733544,0.17565402244433909,0.69456830359333033
52.214999999999996,3.1760964250732093,-0.94118858547487827,8.6917186872241921,0.68826883647771009,0.068740572531801131,0.44950067916925862,0.56525205160883296
52.414999999999999,2.1502990772916464,9.1528941935383834,2.9352384955698239,0.55718136675852292,0.35774018282918568,0.16591320023030287,0.73078293365115232
52.615000000000002,4.4721569453076508,-3.3036261112287906,-10.43819259266022,0.53355043355166931,0.52282571128298727,-0.38810055533359034,0.53977325742206139
52.814999999999998,4.8367849983421216,-2.1456086570338204,-14.796371946937326,0.62799796271057917,-0.023256860115532584,-0.6783320864168344,0.38071414187853986
53.015000000000001,1.4841797689829124,8.0994549203041686,3.0480468484898053,0.95864338109932024,0.2045323555280196,-0.052320042348157514,0.19087167570205443
53.214999999999996,3.5285630395249008,6.1541799467046481,6.8038211919301386,0.9198117524292625,0.19123094844650973,0.076108426716056984,-0.33404276946532435
53.414999999999999,6.7596070079904234,4.408952338272524,-18.288382326470131,0.86419518213048174,0.090585754127388687,-0.24152820330314176,-0.43200119830943995
53.615000000000002,11.002479721859231,-1.7298620881475772,4.5324840592582767,0.76922345258968539,0.54387730290242209,-0.19923597787966552,-0.26981064562378682
53.814999999999998,3.3763378110470303,-5.1425471752906926,-10.613716333476903,0.77589643224917271,0.44566988673844354,0.00058006311226449514,-0.44650055095636082
54.015000000000001,-6.0366420892051957,-8.2177200917818851,-1.3189800331831669,0.70517612252255424,0.33953229315274602,-0.04383562296118735,-0.62090490116450059
54.214999999999996,5.6019913254610865,-9.2321726836382574,-5.5762931013234907,0.7352540314806969,0.30098158116332829,0.16316236057180641,-0.58496977792398897
54.414999999999999,-1.7840505814380914,1.44015711191813,-5.5538179696627887,0.96718299482730752,0.19032651826115166,-0.056454254139746612,-0.15857423546400223
54.615000000000002,3.8500662414384714,4.6920408943416589,9.817408058438966,0.98846416232581202,0.088552960687895532,0.12271985781486418,0.006067079102676105
54.814999999999998,-0.97827756357175955,-2.0228617754398659,-0.044099978283069996,0.91669001033352804,0.26210211358713459,-0.18098311607312109,-0.24130275320504802
55.015000000000001,-1.2163261324435501,4.9246428266432973,11.51016226981622,0.87477943526723823,-0.10119847910501831,-0.28651468672789554,-0.3773978560479363
55.214999999999996,-2.1250490566417817,-0.62968342613796957,-0.021402807400221713,0.92694563945685793,-0.13553785940506505,-0.038492517190663246,0.34773495119147307
55.414999999999999,6.3937057634987529,1.1966010110119401,12.102280321535115,0.69951303616196037,0.22671122004907521,0.41172058987627547,0.53830260153120879
55.615000000000002,5.5463124025415471,-3.4483323823845331,16.946091079783617,0.38167114283324616,0.1401601630655904,0.54036245721129772,0.73667542530911079
55.814999999999998,-6.8335044959369986,1.2068371511953331,23.628050642593788,0.51984336648747054,0.32595248774803154,0.19994291989692975,0.76389834325840289
56.015000000000001,7.4098931632114899,-2.056515882863641,18.133624798133621,0.6128906084194834,0.68739227982904227,0.29675483320569968,0.25257380052508333
56.214999999999996,0.63099433447545117,-14.125567946935069,10.657980654301758,0.604978260010538,0.43962526661870216,0.022496525719928967,0.66349441308543766
56.414999999999999,4.0574974338382024,4.4356177603151998,10.490929366883945,0.56180902549870082,0.44557613190821421,0.29434697527227782,0.63181673584194886
56.615000000000002,-1.7429288261616183,-7.9793353455579901,-2.8193948826447865,0.87702940157206777,0.18622715033400558,0.043689903143758008,0.44071540660601527
56.814999999999998,11.360530665129533,-4.6360960276928918,-8.1575304670639017,0.93070507516847478,0.14174196261924979,-0.3356884474933316,-0.031789075293309217
57.015000000000001,5.2422150238451257,-4.703249049124075,16.293999916972702,0.49210771433364336,0.76219834185428703,0.15627124786201377,-0.39046508455883966
57.214999999999996,4.4880839357266193,-2.035435495677552,7.6585654021616252,0.80799069204627882,0.53212351554324466,0.0028383825472145102,-0.25295760387264399
57.414999999999999,-3.0517157501951657,1.8822426329863906,-3.7071439587664181,0.74307762689497947,0.52556985776432674,-0.06934696177780704,-0.4084151856994282
57.615000000000002,1.476154641689815,-10.43888964242889,5.9780103817171781,0.7313925467321013,0.58833905345645854,0.16931567986904328,0.30042353654994008
57.814999999999998,-8.3763438278941287,1.951343672998942,-2.2307177291638434,0.57103919933595115,0.80444495295203622,0.12476731502908779,-0.10590404898862242
58.015000000000001,-0.32481799409005596,-12.110356037742797,-10.15307395639455,0.54332461190741232,0.73077214713096816,0.10223581286592,-0.40039764439978803
58.215000000000003,9.0157058955988916,-4.7864299192638482,-4.3667129840903876,0.89452790334334165,-0.046629182737724963,0.43277122281159303,-0.10175764425111096
58.414999999999999,6.5787529656973422,1.2646310538846126,-2.2603958833389184,0.61414931006067908,0.74711678486893263,0.095767040077779378,0.2355118017294294
58.614999999999995,1.7852193608458975,-0.93841322804735328,-12.091977034636738,0.93191156658024332,0.29623574498104976,-0.066696860005277053,0.19833492968944122
58.814999999999998,2.1065918450197456,5.7086081713720755,2.8322156159563305,0.84456377611124056,-0.0019603020029534545,0.20357730357773721,0.49524182655021926
59.015000000000001,1.6560480522019516,-1.6173764829252841,-2.2270725315115421,0.57607182717609573,0.40120464285915786,-0.024100658019176383,0.71175504407435919
59.215000000000003,-0.89768451748626354,-2.6459714444666713,26.145660429098303,0.78898749048111094,-0.24819912223482224,0.28854106936095397,0.48232767583689362
59.414999999999999,3.8453629893153431,3.1100769039340519,0.86603514809527127,0.46106741876231205,0.20497722916764424,0.4110143575589999,0.75925514075241962
59.614999999999995,1.6203236396287011,-4.5465721017231866,0.025075951155335452,0.66523359841829632,0.27430705289266499,0.5114602028337073,0.46971093364545874
59.814999999999998,-7.0867252600396302,2.1566951168785806,-9.5791637420078839,0.47615332125416882,-0.0016237095806940212,0.34087005412125743,0.81060655340873766
60.015000000000001,9.1400392801481267,2.4098077438105423,14.49884432033277,0.53563683777166393,0.39061926829363347,0.043045119552057143,0.74743353078549257
60.215000000000003,10.390946554654301,-8.270275728728862,-9.4102379880557585,0.43617061824896419,0.47142200990855138,-0.17605422225964595,0.74600361337908361
60.414999999999999,7.1978186346360093,-10.925673411434365,-15.21671860087479,0.91378396395809558,0.33153431328037281,-0.20782794098637553,0.10904775685957527
60.614999999999995,7.5624239750953564,-1.0901476603020253,18.419623298371434,0.60042394644533048,0.64926928261314421,0.23250073795926141,0.40482575268679111
60.814999999999998,8.6991986992193961,-1.2514703545567407,21.422631318191385,0.96660373116178699,0.24675853490816718,-0.066508009383918931,0.019082375163360307
61.015000000000001,9.3058082005866929,1.2037191224464749,9.4726153039466805,0.82791261063913257,0.5273366398283823,0.19068082803374226,0.010844319230528657
61.215000000000003,6.9218971060098902,3.1255670718752735,-2.1835967895242558,0.61953984027926545,0.43843503151608682,0.35869832868977042,0.54339729336958931
61.414999999999999,-3.1753374104322378,9.2601773851181957,-9.0599983688132415,0.97714405523108161,0.14537810726868186,0.11965530446166592,0.098677805851763667
61.614999999999995,-7.5245666360056775,4.3644349529618482,11.612915119877693,0.28049538914971855,0.27723436056080736,0.60535093800066508,0.69138533962755033
61.814999999999998,1.2581708437584362,-0.21903292128430474,-4.3538380437637789,0.17241612169119719,0.35066285198471059,0.39867424098311854,0.82967891066089516
62.015000000000001,4.8652277253426499,1.2777115632477396,0.14334941212060692,0.027405276813111383,-0.24100464755390613,0.44492196672595824,0.86209637175023501
62.215000000000003,0.21215004807542964,9.0937597165539774,-0.50331145962863366,0.2594255342363373,-0.062140831155870345,-0.14464322256178008,0.95284586762833368
62.414999999999999,-2.1960537516057741,10.318294496644311,-8.6718030079580402,0.64356657362702685,0.38403577456487237,0.34247937898444791,0.56660962234571544
62.614999999999995,-4.3993620057127751,7.2016219844096065,1.3375679172974029,0.53846698574625285,0.27345233617078929,0.5633317745441806,0.56385675210374731
62.814999999999998,0.40975780644215298,1.303886100044646,18.645123827651144,0.9040197020800147,0.31000048122097551,-0.032808173118828839,0.29252641533805113
63.015000000000001,3.1384190679095436,-1.0737695648444758,-5.1276168403583746,0.83365942179825858,0.44918850598087895,0.12738020613589854,0.29498463964490607
63.215000000000003,4.7579748382850742,4.7406315814604794,-6.7085323166852282,0.96788951499524112,0.22204911063626431,0.076626592400785454,-0.089512259299858135
63.414999999999999,-2.3316223991356284,1.2875532258925642,6.6194015534740052,0.92132250592893372,0.3242862657656897,-0.21237757691386161,-0.029983707722215355
63.614999999999995,-0.33679222800074671,9.1926383154980247,-4.8640265731376386,0.97405098771105958,0.04923359162446906,0.17545749195802093,0.13422144132241096
63.814999999999998,3.3387313394322726,9.6479605899281271,8.2175162357355802,0.92451409571964904,-0.11549134103561312,0.31500226289928679,-0.18085632786774153
64.015000000000001,4.5360197148675656,0.031008368419431998,7.8894205214056257,0.82336686983906571,0.56055793418576494,0.053313917888251995,-0.070706620851314739
64.215000000000003,9.7866789115440334,-2.1281442041951371,-3.842434818799874,0.958989682543816,0.014513313227262195,0.08102841427001381,-0.27122416668609267
64.414999999999992,10.173355162811246,-12.439343270595332,1.7854349805385463,0.87816542068081671,0.2653693023677699,-0.056042423199421494,-0.39403537161435681
64.614999999999995,-0.080174983063692529,-3.3480062072497594,11.843223234619238,0.66721755061849919,0.27580438986102979,-0.38917064786114253,-0.57210041559447766
64.814999999999998,-8.6588059492524003,-5.5909411059330534,-0.64466079887144112,0.91352587708542576,-0.0017420383518802207,-0.38784728084710718,0.1226455214722067
65.015000000000001,1.1641945703298504,-7.6472592862254336,2.6252556790070187,0.96970646461316568,0.052967628465965221,0.10319923230253437,-0.2149737688051597
65.215000000000003,-0.62921523280368041,5.7665624085116232,0.30232161438872812,0.99312229428249499,0.012386234543789953,0.1153485852289349,-0.015792203094658029
65.414999999999992,0.82704470317904444,-2.0769108554671663,-18.504346983568482,0.83218188200900245,0.39889010521534918,-0.10045653292417604,0.3718447044265874
65.614999999999995,-0.54146314467981016,0.73265548777737044,-2.0357714428514511,0.74339329990792691,0.51397048921805999,0.32049202465921206,0.28369984137251519
65.814999999999998,4.958024735629575,-4.2187498443312883,9.8617891281357384,0.45144318285017082,-0.18440113634422672,0.56062717441008403,0.66924767081106107
66.015000000000001,-4.7851422925872598,0.99098900150833913,-0.94949736680311447,0.063888975140845503,0.46415056631097007,0.16494525846501151,0.86791446142956308
66.215000000000003,-3.0730952750465574,-3.8379525738263403,0.6537439585242748,0.39749079043827695,-0.18729342720589465,-0.056297638832189509,0.89652262632024204
66.414999999999992,5.7684734981168146,5.1946712562154165,-7.5454906883380897,0.90033167244652645,-0.061493307931531307,0.12127509847614759,0.41341722649023627
66.614999999999995,-2.519902895817089,-2.7283630228053655,11.803195813727308,0.79534592630086021,0.14812156223319339,0.2425859590370627,0.53538482682673549
66.814999999999998,2.7513912593402416,-2.1116344955010118,2.5915886941577013,0.92381417873510141,0.147219546180308,-0.30414885642810813,0.17996455629908995
67.015000000000001,7.0192709576494181,-7.8379622242575211,12.418820257465635,0.91511466569067212,0.18475379137952433,-0.14469933810006505,0.32786168846350994
67.215000000000003,10.910085458990705,-0.58443307363841901,-25.638600158131268,0.94856197438591827,0.14560805860080572,0.11914079195974894,-0.25462510817041761
67.414999999999992,7.7371731074180801,6.9671620075893053,14.779311786793279,0.86331113100353118,0.21069353244032538,0.18324054092231365,0.42038676315473988
67.614999999999995,-4.018975434074024,-3.8718532358886266,-5.8532999347969703,0.75067777402139635,0.051052147220120248,0.65213439082537328,0.092721594881212357
67.814999999999998,-3.3774825971215465,1.4867094803747274,-14.165989848488492,0.83177171334129052,0.50873933575925956,0.21911825447277447,0.036432069572368581
68.015000000000001,6.0108321546770078,0.90353475159168495,19.056146349832897,0.80665329219949777,0.31666637980314483,0.1536100421092679,0.47480187978700239
68.215000000000003,9.404007093999935,4.9219111654401528,-14.683947761240548,0.73316797506511366,-0.18058871579793684,0.56939735408607073,0.32502167500822876
68.414999999999992,3.9640645292118117,15.487487342537595,3.1447036869580272,0.78784039030992958,-0.10610170972286853,0.16129517703684632,0.58483656901294612
68.614999999999995,-11.40655810706652,7.4405185511458427,-7.9219787927914638,0.55070475537448604,0.086756951221700185,0.52889727643025364,0.63989465914891253
68.814999999999998,-0.20489842796106261,3.2580422631202457,20.833127051286208,0.55406353312476198,-0.013869589439071347,-0.08740234762149332,0.82775725027350189
69.015000000000001,1.4141719237479391,4.775833652009597,-2.2907759949491626,0.50387709745243081,0.22491881258802321,0.063622687468120401,0.83154768476993624
69.215000000000003,7.8633203441922062,8.2754442610363625,-8.8904246810275094,0.35109589627691273,0.33636519913765822,-0.050473336153362247,0.87237753682917851
69.414999999999992,-0.34285972554737776,9.1339327227121938,2.6693162090288016,0.40411168312626394,0.099035400721501937,0.049776315680481804,0.90796919295869649
69.614999999999995,-0.43699691191446988,3.0417589352360315,12.964329685346064,0.94233425604037069,0.12818060078372415,-0.30915301665541262,-0.00054384595510257802
69.814999999999998,6.959757428919386,-3.8777115562980873,-13.628472751464122,0.96671494563643934,-0.079253721595947818,0.16046709348448612,-0.1828424824950958
70.015000000000001,2.9094039719026314,-1.2707706136535795,0.49909278205932861,0.84192484347318541,0.26060615293600192,-0.071183097174483664,-0.46709737493503145
70.215000000000003,2.3600306867552616,0.7221963711913586,-2.1937806121315395,0.54728461190726974,0.21436379723654073,-0.37671135087382257,-0.71597225793089236
70.414999999999992,-9.0897814752391817,-3.6059730621695003,-1.4718740980607086,0.55005507502923001,-0.35486723096253553,-0.32912766141145083,-0.68057596586817548
70.614999999999995,-3.7668137522813945,1.8001404751654126,-10.434660042272286,0.43110984381942385,-0.04472883251206361,-0.1438108277328094,-0.88964154575362764
70.814999999999998,2.0741579105592987,-3.4251047313036023,4.9240247339060828,0.66669326924442707,0.0636590230044045,-0.37711772274858674,-0.63972637644794883
71.015000000000001,6.5370544249940972,5.6760136377796524,-1.5309311705894146,0.9517556746150998,-0.10475511321710776,0.087134129940545674,-0.27494571371878374
71.215000000000003,8.5765616841241474,0.29082270290047429,14.778066399585697,0.9622220468381002,0.10940780060178626,-0.063665089357214419,0.24105066302193495
71.414999999999992,7.428335277835159,3.3533504991833323,6.0161709116917192,0.96962317541924703,-0.01158269946243427,-0.12872379684230828,0.20767022629534376
71.614999999999995,4.4948156752787103,-12.298037441721254,-5.8582666190198109,0.85698119662136107,0.36945880870461756,0.0048841036118576495,0.35924860868191749
71.814999999999998,0.18965045924918245,4.7937336493204068,8.6788081115620344,0.47366168072686804,-0.04585673791786133,0.38830988955054518,0.7891496698825734
72.015000000000001,-7.8637779643845764,7.2883906038535278,17.702017854936443,0.90211425777032384,-0.10998755178857439,0.094764764659378289,0.40634005925838279
72.215000000000003,0.67956014252710917,-3.0232903839274377,1.8210116201647819,0.88555713363550559,0.38109287013686854,0.17396619578084122,0.20073004290253404
72.414999999999992,9.4317194543589213,0.9526304208349714,9.6903440642090768,0.87137232807612142,-0.46078943884937201,-0.04437185239107052,-0.16252537532172104
72.614999999999995,4.995180308237102,-2.0773439142145667,19.484528264883977,0.91467466083648041,0.38826419927113448,-0.049179926943065264,0.1010074807818169
72.814999999999998,11.090152797120002,4.1124615449712589,0.56158492039102359,0.41358893954636516,0.44410311073448616,-0.088889852406795603,-0.78981973276182704
73.015000000000001,3.042140397983585,3.7920123489161321,6.9503970564607025,0.7521474577406021,0.13877921035865651,-0.1355380440542136,-0.62979676976032128
73.215000000000003,-3.1148574510032057,-3.2865812728840496,2.4301495772337978,0.62172137004985273,0.18560471061462461,0.4802349198800091,-0.59024389124228704
73.414999999999992,-5.8983855184214367,-8.267959415524091,4.7099227345490622,0.52190383819590636,0.58967272238244761,-0.26602156159434331,-0.55599909435300443
73.614999999999995,1.1799240656931884,-3.6055049506280779,1.2517412463962891,0.81094383514456714,0.56582477976731005,-0.14665705350225164,-0.026535325517770755
73.814999999999998,3.8718706279969619,2.9302679909716196,-5.8984235057530352,0.58572458035096631,0.26769037500443915,-0.53127490088349449,0.55046849028250489
74.015000000000001,3.0514265468865274,3.4713767121401813,2.8834013939437115,0.35083454699937966,0.24169634456550054,0.30267136641390358,0.85257729362712642
74.215000000000003,4.5039589934199071,-0.67409815205004953,-7.5596148971766031,0.37933782363061419,0.086232342670225726,-0.3537009032529434,0.8506247525665156
74.414999999999992,9.9291173867623286,3.8824007538963192,14.303338674485287,0.058176120741307624,0.74015621553725552,-0.36176682171331609,0.56383426845528495
74.614999999999995,5.7859055763624214,-8.8896305935475599,-13.027806777582828,0.94504502756586728,0.30510612855882085,-0.10707586107283892,0.048320866759478914
74.814999999999998,-3.6693841776458989,6.7002957112458361,-5.233272387439202,0.88409300741638652,-0.33464140195888314,0.093516172678986861,-0.31248905865632509
75.015000000000001,-1.5886091917066831,5.785200191731958,-0.44879962012528574,0.6285263644447876,-0.14161379646025943,0.18268717549473662,-0.74264765384378995
75.215000000000003,7.1207842193108482,2.758971842314963,10.453742133820951,0.82173449822949995,0.37929801677574859,0.21129576599119992,0.36910639138829315
75.414999999999992,1.3784244985499092,-7.9340720409018797,2.1547285510990442,0.94203618538941836,0.30958831633982048,0.12921420223998539,-0.0051565242472854595
75.614999999999995,15.936467437679282,-1.0391099098911494,-2.553376493304754,0.84250437199543704,0.45771421163889048,-0.21830659865919036,0.18173142990198046
75.814999999999998,8.3422313587923593,7.67117144284909,2.1881016912811955,0.67624161136844951,0.35313230566755183,0.45837109772353857,0.45595042989281193
76.015000000000001,6.9938788652853185,10.119386377057488,15.969182365416279,0.56979597255351122,0.57469223082090104,0.53264811258201128,0.2476840278635577
76.215000000000003,-8.7994222748625877,1.2600955022739306,-4.0112824225297681,0.74124983097582331,0.51046106542318137,-0.27361473826055344,0.33928330900878839
76.414999999999992,6.6513381695224565,-1.8240095845710749,4.3455171792169436,0.76711138662468148,0.25629158362808319,0.17373749412622683,0.56184519914911357
76.614999999999995,3.7145868613425415,4.1472021689251157,-9.7142301118958319,0.90886661529269386,-0.091472424883501463,0.3265333986277949,-0.24283782792826175
76.814999999999998,6.5647858629057989,-0.34031223293910684,8.193961864392314,0.80473479946747051,0.38935548866483877,-0.21104671497484401,-0.39530177089274682
77.015000000000001,-2.5454606852191386,4.0327271928647761,2.8192422714867709,0.78534104839456553,0.52307675098402973,-0.32933984899889857,-0.034138162632140166
77.215000000000003,-4.552839278897399,-6.9309098061481347,-10.044897080307607,0.85174417859777796,0.16151872772118306,-0.39386446197981306,0.30547396028054413
77.414999999999992,3.6021796989970891,0.89116686406309831,4.3337560944073861,0.8262164531706756,0.47006462764147694,-0.25751131702126084,0.17347489719358319
77.614999999999995,-5.0713560207796693,5.3403180999174271,4.4472003300284575,0.88349776321030449,0.17266270487949953,-0.43318227923083774,0.044411774412425137
77.814999999999998,6.3189131500774032,0.067486258787423203,-4.9802082547594484,0.72984439275039081,0.17157208581300196,-0.52639902924627346,0.40099157565860422
78.015000000000001,2.3462464542056387,1.2346337639630918,3.5426133590490281,0.81591873986548524,0.33692862810500174,-0.33922151516134913,0.3250914842797924
78.215000000000003,-0.96004797729807789,-3.9938069369647979,6.0943106793733408,0.8617124171529984,-0.17794098804347275,-0.25802139489371767,0.39901588273595046
78.414999999999992,8.7576777742811718,5.6022897337280018,22.927125943786059,0.81025577224020262,0.2282549508047888,0.3505789228591113,0.41046276302666163
78.614999999999995,0.59823512694181291,-2.1754525158235429,-11.605777774659382,0.84335136318935633,0.22672412623006699,0.16617923797872336,0.4579728263299887
78.814999999999998,5.1116774510657468,8.9329134563463146,0.24520846735470114,0.91276115812487901,-0.090556581334549718,0.19442792629132033,0.34765551235898096
79.015000000000001,-1.4576221289785145,0.49369242092109289,3.327727657842102,0.97916463202475457,0.0075323903805248477,0.082522092758401083,0.18539145259087916
79.215000000000003,9.4606377121190981,-4.6880581572251199,-3.9965726115778626,0.58437202671185029,0.064691442819738904,0.17890190022007016,0.78887163830387086
79.414999999999992,-0.67262756778911581,0.34380142304734074,-2.2741712113371095,0.75854985589945989,0.51933616442142927,0.32582866847708541,0.22074361426187752
79.614999999999995,4.507059666495973,4.2716736231371426,16.364102683773851,0.60937702399914762,0.64597620354143281,-0.038196468183665538,0.45816527247100913
79.814999999999998,-3.5067546910711167,-3.8951101938992165,-0.88668474362402128,0.24623967845564676,0.4957359035954208,0.2382118263594743,0.79803951056509415
80.015000000000001,3.8091469212894671,0.79288400345862375,-8.4442557083752217,0.58516309446490267,0.58654251248980971,0.11443665728374461,0.54813892891138805
80.215000000000003,7.8306512315773755,5.712172666021468,-4.1462402049258369,0.12569219942766008,0.53822074134877418,0.001839793203539386,0.83337657739222637
80.414999999999992,-3.9624603727054981,9.8672502525007832,-12.616555695879917,-0.32443891833466004,0.32870816995888935,0.42253612968248322,0.77984200091112132
80.614999999999995,-4.148962707687514,0.6177693129902353,18.687328313327875,0.23189585863742554,-0.32421705542074347,0.58020690988868362,0.71025879328491159
80.814999999999998,-2.4354968624334004,4.2003891127886384,14.2260239725709,0.39348108726608816,0.083772074791674617,0.64283036312398201,0.65186194680690235
81.015000000000001,-2.0173357549526911,7.806245142378418,-13.336460433823087,-0.074209886115940649,-0.079825409818772189,0.68664544875870548,0.7187759208883393
81.215000000000003,7.0665549181852043,5.3026644996276007,4.1689809422658133,0.25840878574124637,0.33644159511831312,-0.15634528321945163,0.89195745691204864
81.414999999999992,2.8407845689422517,1.3115571737228735,-2.1156951957122621,0.7312232267962292,0.57269056761637793,0.28824803006418742,0.23291882603399972
81.614999999999995,-2.3909701287653915,1.9599212623995133,-5.5424453110071807,0.73138221466661391,0.47597419013569348,-0.3147125959574672,-0.37347638257290372
81.814999999999998,0.19223923107732838,-1.5859128510405487,0.24851544382329166,0.72506994528972768,0.24419496518307587,0.27599826486749368,-0.58177946956464566
82.015000000000001,-3.4735465422222025,-4.5806672435821874,7.3780912064883495,0.86460052378816543,-0.48321555601197008,-0.0069354760123740977,-0.13755202603289604
82.215000000000003,-0.83208122340736379,-6.6613869201039586,13.54811359503379,0.85445172789237245,0.2502322534543534,-0.44421570298117352,-0.09984224185101731
82.415000000000006,1.007488489634367,3.8281181329123175,2.4535492947413524,0.91035634473326554,0.0080260595994796364,0.23234730713024307,-0.34234724599522925
82.614999999999995,3.2333971801256727,-3.2790988597506243,11.996041040288894,0.66970195890748019,0.077792786777495723,-0.57895827090676122,0.45853559197681515
82.814999999999998,-1.4944060184598826,3.3364312342713394,-3.2643909420116035,0.42708305821576137,0.32041698475582392,0.36103148409648428,0.76458438694244135
83.015000000000001,-1.9138299993110883,4.9484438494003973,-2.8295092205050563,-0.041576624175022107,0.21131961825975273,0.52805008274941112,0.82144903272759484
83.215000000000003,1.5816236931430852,4.0168593132009978,-4.747834837616554,0.35599800104254131,-0.040666563783321563,0.43629153322678782,0.82538557770195542
83.415000000000006,0.47695368037346542,-2.9069222557768724,-0.30001423796011784,0.53153912200713327,0.012479191443368155,0.071537248872366399,0.8439151933580642
83.614999999999995,5.3306255498588095,-0.71118881318898852,15.720417922269609,0.95652834169831291,-0.04058857106455277,0.18289769456204311,0.22350510676649654
83.814999999999998,0.65553453369972137,-2.3948073426277894,8.0222568420718758,0.73668623951450141,-0.14411777801590675,-0.33846346019292445,0.56742042321718844
84.015000000000001,-1.8325367830882753,2.5727700462683076,8.1890316587649963,0.75906736200816538,0.51239325457659779,0.26392104280792217,0.30268064979701892
84.215000000000003,6.6372575789690513,-1.5892065394812149,-10.31630769602876,0.96266397344723875,0.2427900798269528,0.11874681010786303,0.015173874047293373
84.415000000000006,0.36718172510123259,-7.1193890633685939,-5.2200074175406099,0.93179797468746017,-0.041969068598307034,-0.10022226361095454,0.34633311930283883
84.614999999999995,-1.8122746699710894,0.95893960102556164,0.99067682753842301,0.9028368448648143,0.038687789112419692,-0.1791232014470657,0.38897784671044455
84.814999999999998,3.4152467651589444,2.1301228906701697,14.80463418273024,0.97104574749463168,0.032539423250355165,0.12042893277421181,0.20373564822580931
85.015000000000001,-0.68623463436387899,2.6723406928641715,12.108906894396695,0.78463859192278484,0.094908706048242225,-0.074352927643142983,0.60811697865835912
85.215000000000003,8.3099104152960006,4.6793503668635328,18.460215576857301,0.78241141877234521,0.14566697038206128,0.006536930525289043,0.60545088492268706
85.415000000000006,-0.1581215180107961,4.8512187725288731,-2.5946151570447813,0.26965397831109472,0.73516393752733966,0.27572764917178472,0.55748989266398263
85.614999999999995,5.6503616147616649,-1.8664952853142027,5.26496068370564,0.62247169436608696,0.11618389791304981,-0.057610478912605192,0.77182337636158893
85.814999999999998,5.2497029893547289,-2.3276497216900705,-3.1687147642890858,0.36727867941684839,-0.061367074102317565,0.26370032746558819,0.88983290069342691
86.015000000000001,2.2132087261320526,7.2412792194093285,-4.681396123947934,0.13674533628361854,0.014682412265238958,-0.18024739857259811,0.97395893911528153
86.215000000000003,-2.488433753183882,1.5266334117374731,-6.1049955476809235,0.28117972306274097,0.22639147131454695,0.22383833130874978,0.90530727738779893
86.415000000000006,-0.42466879535613655,-2.5443696835805056,-3.4152864511236474,-0.24248508213283154,0.043617954652807961,-0.1317619609602888,0.96017563217300983
86.614999999999995,-5.5633226752573428,3.3133926204256907,-2.7568554249715764,0.013118791218814707,0.15856866081616966,0.11661369343969852,0.98034949055236198
86.814999999999998,1.3739211453412636,5.0355853453718789,10.572083635498013,0.47746956802099605,-0.42389273352284562,-0.072084080570329612,0.76625168672486677
87.015000000000001,1.9427916249795565,1.2953824118904167,19.078098577892554,0.047151615492551348,-0.049614167428076103,0.33612642282721966,0.93932645412776417
87.215000000000003,2.0547895707683432,-0.90478012395377139,7.7409763340853521,0.070253625095598321,0.27731431724963118,0.71204953437026242,0.64120718821016864
87.415000000000006,2.584633248124792,1.8478880829946163,-19.743700526796111,0.31210703287308772,-0.076095649865084589,0.46215617378863233,0.82656537740932468
87.614999999999995,-5.0046722534086365,2.9090084503959543,22.202963209133031,0.30207025513485852,0.026154407976168179,0.56209798043198334,0.76949033021894642
87.814999999999998,2.9799998629427602,-0.60161064465344571,7.5604106517703071,0.39369590476464511,-0.036369164874122104,0.39004430819333952,0.83159260221810871
88.015000000000001,-0.36615217577513148,-2.9748439774227839,13.121545246413046,0.57228188903112864,0.22911486747002707,0.001605083091668652,0.78739903524161348
88.215000000000003,1.3676928026579451,8.207326953191231,2.2751923835447574,0.56099167423821295,0.19182325944004938,0.17389437473603522,0.78629061103917897
88.415000000000006,-0.23582018971515395,1.2225456108945414,3.3524210631295164,0.56562703204028009,0.30466520403467895,0.35788507461262364,0.67761600294364976
88.614999999999995,-5.5309748155893104,7.8699893787011135,-2.7275494072797395,0.20276299888040472,-0.2140258383367428,0.29850910236319667,0.9077292672463515
88.814999999999998,-4.1852748232863188,-3.2215689052715901,0.6764126265169994,0.31753335589179227,0.1856857693701236,-0.036597266156108199,0.929168447085576
89.015000000000001,-1.7459612943744833,3.4477957654732916,-0.30208265292033776,0.41865981087372872,0.32643060642268751,0.43194561748144722,0.72910219138901333
89.215000000000003,-1.3184773805344441,1.5957887189084068,-1.0907013061411961,-0.24782424935766703,0.011863197855610186,0.47662287382308599,0.84337005052086722
89.415000000000006,-0.37950398010278341,-9.0866062621430501,3.2584622909991721,0.33017803278329161,0.14586081810697923,0.1776440674901385,0.91550514673270822
89.614999999999995,-5.9559656636706428,5.9420380973323397,-11.16231271656947,0.4007475549481116,0.45914407331676016,0.28918845655020198,0.73821281060363342
89.814999999999998,-2.1729745636111013,6.3716001892909491,4.829693949851471,0.51105325651187716,0.29278653954875261,0.16520048836683296,0.7910811651853632
